,ell,oTT,oEE,oBB,sTT,sEE,sBB,pTT,pEE,pBB,wTT,wEE,wBB,wTT_mkb,wEE_mkb,wBB_mkb
0,0.0,2.893113266971571e-11,0.0,0.0,2.8924814683916e-11,0.0,0.0,1.811898042008039e-11,0.0,0.0,1.0,1.0007212558248575,1.0007212558248575,1.0,1.0007992065582465,1.0007992065582465
1,1.0,1.641506380027996e-11,0.0,0.0,1.639595735731268e-11,0.0,0.0,1.613297037302097e-11,0.0,0.0,0.9996395670491308,1.000360562909623,1.000360562909623,0.9995771370344201,1.0003760056378115,1.0003760056378115
2,2.0,5.124182071374976e-12,1.737590850738619e-16,2.135711529042967e-20,5.114122061629831e-12,1.73628844231966e-16,-1.371662022399589e-21,8.251414330468541e-12,1.112237127157833e-16,3.627064831665631e-17,0.9989190908363039,0.9996395670491308,0.9996395670491308,0.9987319608369917,0.9995301539700231,0.9995301539700231
3,3.0,5.15060030736355e-12,2.253925633587854e-16,6.389545841781837e-22,5.135228593460619e-12,2.251469481164539e-16,-2.192527385181859e-22,4.545842896237365e-12,1.805443277820616e-16,2.256121826860649e-17,0.997839350037228,0.9985590474807143,0.9985590474807143,0.9974655696579844,0.9982627506828803,0.9982627506828803
4,4.0,4.777269920311007e-12,3.539763160116466e-16,-1.442318797585308e-20,4.761807325198435e-12,3.529294186030108e-16,2.790500929070689e-21,4.107867823036051e-12,2.024510315769317e-16,2.512780220187706e-17,0.9964015109119492,0.997120171305591,0.997120171305591,0.995779607833652,0.996575441426801,0.996575441426801
5,5.0,1.755291244738279e-12,1.350325819242789e-17,-1.879759453229669e-22,1.742381452440029e-12,1.340775729729999e-17,-8.419570666608787e-23,1.908188321306835e-12,4.645528517685189e-17,-2.619914597583301e-18,0.9946071252055846,0.9953244913880839,0.9953244913880839,0.9936762621500048,0.9944704147354891,0.9944704147354891
6,6.0,8.990008053015141e-13,2.573141367550255e-18,2.795369129187503e-21,8.931328822412354e-13,2.494016364001889e-18,-4.20884416136999e-22,1.390773602303557e-12,1.600028407354333e-17,-3.464823372571944e-19,0.9924581273575364,0.9931739435628202,0.9931739435628202,0.9911582570123838,0.9919503971916483,0.9919503971916483
7,7.0,1.37386565543695e-12,3.508560779370375e-18,-2.787108826437123e-22,1.360799240425802e-12,3.484791628276313e-18,-1.920971410799887e-22,1.27437882347475e-12,1.144933506070371e-18,2.543785991643904e-18,0.9899568310262128,0.9906708431569479,0.9906708431569479,0.9882288484360349,0.9890186474127535,0.9890186474127535
8,8.0,1.192164757104978e-12,8.394896989600198e-18,1.189445304271048e-21,1.173778974193575e-12,8.264724524348213e-18,1.572828703986803e-22,1.298538224401159e-12,8.335322754773215e-18,1.430722579173994e-19,0.9871059249379973,0.9878178808361101,0.9878178808361101,0.9848918168766257,0.985678948875837,0.985678948875837
9,9.0,4.077946377009439e-13,4.252608551260962e-18,-1.279189312119855e-22,3.992371797799059e-13,4.170250055991354e-18,-1.14864621200828e-22,3.698543629813596e-13,2.349130973483925e-18,-3.062500478125979e-19,0.9839084680708896,0.9846181177846122,0.9846181177846122,0.981151458923198,0.9819356016038027,0.9819356016038027
10,10.0,7.25396640124325e-13,8.156709528000743e-18,-5.238753799214747e-22,7.087655341251204e-13,7.988120502793546e-18,1.348213106246209e-22,6.571300725459058e-13,4.9321916730754e-18,5.882368268658261e-19,0.9803678841848957,0.9810749802318672,0.9810749802318672,0.9770125778796093,0.9777934127393401,0.9777934127393401
11,11.0,2.306571766562441e-13,2.387701984369165e-18,-1.537985881105991e-22,2.252026794476638e-13,2.335396883395268e-18,-6.472284100314427e-23,2.261431683622766e-13,2.402971911913657e-18,-7.402559873667647e-21,0.9764879557128574,0.9771922533388184,0.9771922533388184,0.9724804732639024,0.9732576860359016,0.9732576860359016
12,12.0,7.676161572580046e-13,2.342368247684848e-18,1.851132660467583e-21,7.4381279937161e-13,2.270578964117065e-18,-3.946558544045674e-22,7.368870908044606e-13,2.11671439005972e-18,-2.982239346587568e-19,0.9722728170269804,0.9729740744596118,0.9729740744596118,0.9675609292583481,0.9683342102985146,0.9683342102985146
13,13.0,4.528838625759897e-13,2.626826248296797e-18,9.077970100789826e-23,4.37305436518844e-13,2.542581968329589e-18,6.059175788073293e-23,4.409959923742817e-13,1.914357755302909e-18,-1.850181846626817e-20,0.9677269470978388,0.9684249257953046,0.9684249257953046,0.9622602021460505,0.9630292468103454,0.9630292468103454
14,14.0,4.31901503060799e-13,1.936322835623375e-18,-6.154714784833249e-22,4.132881417692609e-13,1.850265339242491e-18,6.13403710219681e-23,4.191283615160161e-13,1.958978541277299e-18,-6.625791702594652e-20,0.9628551615641007,0.9635496264578729,0.9635496264578729,0.9565850067730227,0.957349515783956,0.957349515783956
15,15.0,4.788551279253151e-13,2.846431468787393e-18,6.254130895419842e-23,4.581252924152561e-13,2.740691228424139e-18,2.596808450257183e-23,4.550051321996338e-13,2.12850578970565e-18,-9.603696295171934e-20,0.957662604232629,0.95835332396418,0.95835332396418,0.9505425020775039,0.9513021818790562,0.9513021818790562
16,16.0,2.620090872075797e-13,7.9952456843395e-19,-2.404429618229473e-22,2.487853289520882e-13,7.634643625850668e-19,-1.612358637141149e-23,2.420933920538117e-13,7.357885004920801e-19,2.461572429576425e-20,0.9521547380299535,0.9528414851809233,0.9528414851809233,0.9441402757309475,0.9448948388312165,0.9448948388312165
17,17.0,2.866219047711577e-13,1.241481757643722e-18,-4.222432590012493e-24,2.691751897091153e-13,1.167183725734514e-18,2.479414646619423e-23,2.542673223968818e-13,8.489865447876388e-19,-9.839745189827835e-20,0.9463373354273916,0.9470198867428486,0.9470198867428486,0.9373863279376512,0.9381354932385497,0.9381354932385497
18,18.0,1.843220535201974e-13,1.247435034548937e-18,4.388830295700319e-22,1.72032359182427e-13,1.164642123011852e-18,-6.868618973288217e-23,1.944883756292222e-13,1.142262756047505e-18,-5.771824641928554e-20,0.9402164683633019,0.9408946049677359,0.9408946049677359,0.9302890544422876,0.931032547555663,0.931032547555663
19,19.0,1.067709307069675e-13,5.971950479046474e-19,1.226490555090079e-23,9.918010427093505e-14,5.515963881001564e-19,1.054436501082109e-23,1.299820821542178e-13,6.371255525200297e-19,1.055058916874544e-20,0.9337984976870879,0.9344720052927878,0.9344720052927878,0.9228572287967577,0.9235947823463374,0.9235947823463374
20,20.0,3.374420840421065e-13,1.692899559567455e-18,-7.884896658743201e-22,3.109692215031312e-13,1.556697899158241e-18,1.688092171077374e-22,2.59797375993798e-13,1.035694444028982e-18,-1.38417249228472e-19,0.9270900621506304,0.927758731258124,0.927758731258124,0.9150999839396552,0.9158313378482712,0.9158313378482712
21,21.0,1.519889218949673e-13,2.239529631800504e-18,-2.837260031146773e-23,1.388795782578667e-13,2.044450551228192e-18,-1.341593102854626e-23,1.426283979655766e-13,1.59223947526918e-18,1.282288742565185e-20,0.9200980669737968,0.9207616930640418,0.9207616930640418,0.9070267931434087,0.9077516949049943,0.9077516949049943
22,22.0,1.72177672997643e-13,1.373792726936292e-18,1.616127545245439e-22,1.554097439988208e-13,1.238938109165768e-18,-6.502645126912708e-23,1.554525552904631e-13,1.103601887885312e-18,2.593675866561729e-20,0.912829672011573,0.9134880557296141,0.9134880557296141,0.8986474503856063,0.8993656553215063,0.8993656553215063
23,23.0,2.296427337428547e-13,2.50763956838097e-18,3.573153850038592e-24,2.055426578703777e-13,2.254191739079022e-18,2.752454507556475e-24,2.035956930720976e-13,2.045119930764104e-18,-2.213335194623283e-20,0.9052922795511752,0.905945226881,0.905945226881,0.8899720502023393,0.8906833217015171,0.8906833217015171
24,24.0,1.661318453314943e-13,2.211787023328372e-18,9.954742839776835e-23,1.475776204278376e-13,1.974485533391994e-18,1.891790429257711e-23,1.647849453969224e-13,1.639236827793862e-18,-6.321435688806863e-21,0.8974935217682123,0.8981408441985594,0.8981408441985594,0.8810109670824054,0.8817150768251848,0.8817150768251848
25,25.0,1.639974203180461e-13,2.986300982968071e-18,-1.34946641380633e-23,1.443946989411337e-13,2.622417472507672e-18,-1.517144086163511e-23,1.404984843793453e-13,2.103188805561819e-18,6.944100120299064e-21,0.8894412478716085,0.8900827625525043,0.8900827625525043,0.8717748344621009,0.8724715626271173,0.8724715626271173
26,26.0,1.8723772550864e-13,2.460886441274919e-18,-8.133891626319711e-23,1.629130168209843e-13,2.137408243090516e-18,7.128690540467485e-24,1.523342957961153e-13,1.942448724233643e-18,-1.775884791513596e-20,0.8811435109675341,0.8817790408573547,0.8817790408573547,0.862274523380905,0.8629636588349999,0.8629636588349999
27,27.0,1.000330958072668e-13,2.346524455436814e-18,8.159067449062143e-24,8.60435781361009e-14,2.02033769819263e-18,-2.636080762176119e-25,9.150567621395671e-14,2.023773220723032e-18,-8.82050093464235e-21,0.8726085546730455,0.8732379286759239,0.8732379286759239,0.8525211208587455,0.8532024613295796,0.8532024613295796
28,28.0,9.095142811087491e-14,3.565342633029552e-18,2.277420842969892e-22,7.706128755600853e-14,3.033263935613911e-18,-4.415621217874857e-23,8.35838062464125e-14,2.379450990926203e-18,-9.088578872039307e-22,0.8638447995104918,0.8644678526039115,0.8644678526039115,0.8425259080557188,0.8431992602869295,0.8431992602869295
29,29.0,2.259785243119262e-13,2.44372479534178e-18,9.2920110384088e-25,1.897484232855695e-13,2.05629481312852e-18,-1.912942979207506e-24,1.807265819606012e-13,1.744680076011948e-18,-2.184523701877866e-21,0.8548608291140126,0.8554774024664535,0.8554774024664535,0.8323003382750461,0.8329655181638264,0.8329655181638264
30,30.0,1.187807337616075e-13,3.61872872238376e-18,1.148399627836394e-22,9.883792576935764e-14,3.005629172983543e-18,1.539144011241383e-23,9.833241806645535e-14,2.53165121434759e-18,6.531471704469364e-21,0.8456653762796269,0.8462753173581489,0.8462753173581489,0.8218560148697968,0.8225128475868151,0.8225128475868151
31,31.0,1.080195051724882e-13,3.020306011566827e-18,-2.633072915607512e-23,8.878476719823303e-14,2.488679922074062e-18,-7.718549218394854e-24,9.544233107025156e-14,2.078557067546853e-18,1.053864808700731e-21,0.836267308890492,0.8368704715581671,0.8368704715581671,0.8112046691133828,0.8118529892050185,0.8118529892050185
32,32.0,8.969805910542339e-14,2.641735862125083e-18,-1.760859426746875e-22,7.24846533511057e-14,2.146883704221402e-18,2.722472570576821e-23,7.795877705534208e-14,1.776624428597003e-18,-8.22045654098333e-21,0.8266756157489045,0.8272718603520312,0.8272718603520312,0.8003581380931528,0.8009977895660628,0.8009977895660628
33,33.0,1.125919799751904e-13,2.719393984611927e-18,-1.847004157063789e-23,9.028573759562851e-14,2.179122514070167e-18,5.453574806570528e-24,8.645718637682514e-14,2.019674641458507e-18,6.672249042920515e-21,0.8168993923465159,0.8174885857915682,0.8174885857915682,0.7893283426854916,0.7899591790735757,0.7899591790735757
34,34.0,1.218620087756672e-13,2.293242765674609e-18,-2.05626032491887e-23,9.575964384643451e-14,1.819913068401164e-18,2.88495756441588e-24,8.55619798942385e-14,1.577549231652396e-18,3.378151739034933e-21,0.8069478266040413,0.8075298424243355,0.8075298424243355,0.7781272656697146,0.7787491500835882,0.7787491500835882
35,35.0,1.016738462708388e-13,3.342699848103256e-18,4.29248724408618e-23,7.865719364910774e-14,2.596201759935912e-18,6.994613706095718e-24,7.62236190231195e-14,2.253641388652386e-18,-2.491322301314581e-21,0.7968301846114699,0.7974049030235433,0.7974049030235433,0.7667669300367724,0.7673797351959045,0.7673797351959045
36,36.0,1.17549707619503e-13,4.782915238280878e-18,-1.513440833726097e-23,9.009976163259405e-14,3.643328145032137e-18,-3.561500141955866e-23,9.404315545888596e-14,3.009500449664111e-18,-1.028531367036616e-20,0.7865557963994203,0.7871231043491488,0.7871231043491488,0.7552593775472825,0.7558629857949956,0.7558629857949956
37,37.0,7.953580831117539e-14,3.639379818899002e-18,8.879981632827601e-24,6.009413303155442e-14,2.777607450907403e-18,7.616633887797247e-24,6.061457644473369e-14,2.697072949928873e-18,3.476886377567744e-21,0.7761340417718343,0.7766938329703325,0.7766938329703325,0.7436166475917637,0.7442109508933404,0.7442109508933404
38,38.0,7.675346706349451e-14,3.16991209319135e-18,-7.798284519040928e-23,5.660305381303773e-14,2.369609874950559e-18,6.290351039496195e-24,5.670085883274556e-14,2.205661108265623e-18,-6.654472408562682e-21,0.7655743362296857,0.7661265111790527,0.7661265111790527,0.731850756404135,0.732435656328311,0.732435656328311
39,39.0,7.045749377333961e-14,3.625332785903712e-18,-1.925886368011628e-23,5.158726369853722e-14,2.662424595944329e-18,-7.35547144945671e-24,4.719467063410346e-14,2.131110943902073e-18,6.638858204450378e-21,0.7548861170147634,0.7554305830237642,0.7554305830237642,0.7199736766775581,0.7205490843617236,0.7205490843617236
40,40.0,5.640277490863268e-14,4.782304466741434e-18,1.008984814865829e-22,4.027143595839127e-14,3.444510078700134e-18,1.501543196685864e-23,4.870927314308311e-14,2.859900718322959e-18,4.704007158580797e-21,0.7440788293019156,0.7446155004917028,0.7446155004917028,0.7079973176296206,0.7085631537290913,0.7085631537290913
41,41.0,8.069042917581454e-14,4.440572652490985e-18,4.488191309441914e-24,5.708178715963278e-14,3.152007465185764e-18,-2.427033633602988e-25,5.233507099834347e-14,2.874867494540024e-18,-3.872647916139187e-23,0.7331619125673872,0.7336907098673902,0.7336907098673902,0.6959335055615873,0.6964897001833357,0.6964897001833357
42,42.0,5.69913674955108e-14,5.440733495493023e-18,-6.013244590221369e-24,3.966480348623326e-14,3.783873504779145e-18,-1.275746982060132e-23,4.42157417041089e-14,3.283091577916322e-18,-5.951526481731682e-21,0.722144787160058,0.7226656382941876,0.7226656382941876,0.6837939649540966,0.6843404575753772,0.6843404575753772
43,43.0,9.003783130381733e-14,4.630676719180281e-18,-1.170623337108069e-23,6.220267379695951e-14,3.180039377457286e-18,-4.895200271512619e-24,5.94191451894402e-14,2.786118254016703e-18,-1.216208362472509e-21,0.7110368411015058,0.7115496805648385,0.7115496805648385,0.6715903001392172,0.6721270395115432,0.6721270395115432
44,44.0,8.821119638588803e-14,3.826796518693481e-18,8.923113585625861e-23,5.910667546058449e-14,2.578657774279308e-18,1.255400099850403e-23,6.309873670556313e-14,2.44455462495359e-18,5.45531517669529e-21,0.6998474171398652,0.7003521861659887,0.7003521861659887,0.6593339775862072,0.6598609216251687,0.6598609216251687
45,45.0,9.152789644096137e-14,4.668128046812531e-18,1.094080017775331e-23,6.081642418965863e-14,3.083881695480965e-18,1.244198685994618e-24,5.376664526848822e-14,2.911000040596488e-18,1.346557186042859e-21,0.6885858000814536,0.6890824466006765,0.6890824466006765,0.6470363088356611,0.6475534244971063,0.6475534244971063
46,46.0,7.912829509883725e-14,5.66620746094613e-18,-5.315740463381397e-23,5.159105129244471e-14,3.676383803551786e-18,-1.907110147913009e-23,5.500729683770075e-14,3.161351203301442e-18,1.906577767994327e-21,0.6772612044230695,0.6777496830117096,0.6777496830117096,0.6347084341140409,0.6352156972571592,0.6352156972571592
47,47.0,6.935310912611636e-14,6.635428521193341e-18,1.752317025206378e-24,4.429368566182009e-14,4.227588704857173e-18,1.262883751709964e-24,3.704400916816666e-14,3.64410101803025e-18,-4.172534746305806e-23,0.665882762306762,0.666363034127748,0.666363034127748,0.6223613066577641,0.622858701895644,0.622858701895644
48,48.0,5.451906758905418e-14,6.684950969925248e-18,-3.678408449771398e-23,3.384321867782829e-14,4.163593912215295e-18,1.523866695024129e-23,3.898248952514796e-14,3.603821418326487e-18,5.615245733728807e-21,0.654459511817719,0.6549315445527508,0.6549315445527508,0.6100056777732455,0.6104931983114896,0.6104931983114896
49,49.0,6.088488808008874e-14,5.179313593520142e-18,1.589246238687915e-24,3.741778280119339e-14,3.196613458662685e-18,2.934467279527498e-24,3.802470592088605e-14,3.10023626016574e-18,3.352498296620946e-22,0.6430003856447226,0.6434641534182545,0.6434641534182545,0.5976520826564002,0.5981297301204089,0.5981297301204089
50,50.0,8.157922338532587e-14,7.046549606132887e-18,-5.821286582210532e-23,4.876138659221527e-14,4.237711459696586e-18,2.489241222162004e-24,4.776142195065732e-14,3.545120045904257e-18,-4.414212617315041e-21,0.6315142001213948,0.6319696834167126,0.6319696834167126,0.5853108269922471,0.5857786112437922,0.5857786112437922
51,51.0,8.042447693703443e-14,6.925280995410266e-18,-1.767446454142884e-23,4.7633308839683e-14,4.066462360611328e-18,-4.784213626945544e-24,4.282899453546192e-14,3.607170433398245e-18,1.367678761750778e-21,0.6200096446651905,0.620456830232873,0.620456830232873,0.5729919743523728,0.5734499132960978,0.5734499132960978
52,52.0,7.499885703655877e-14,6.485376311098304e-18,7.618767632637057e-23,4.349175759597844e-14,3.762930179431151e-18,-4.299240209449815e-24,4.688423419575729e-14,3.268518385243835e-18,4.041286474203344e-22,0.6084952716298122,0.6089341523888734,0.6089341523888734,0.5607053344051179,0.5611534537856184,0.5611534537856184
53,53.0,6.636687145531247e-14,7.144128805423108e-18,1.750089940047531e-23,3.740277778904983e-14,4.021130507391599e-18,5.714144146148504e-25,3.805647096368002e-14,3.791009193064167e-18,-1.11395295225613e-21,0.5969794865854027,0.5974100615174228,0.5974100615174228,0.5484604519504952,0.5488987851406328,0.5488987851406328
54,54.0,4.991810076374737e-14,5.333906274869333e-18,-3.009392706592029e-23,2.771858450128002e-14,2.948467420229082e-18,2.059030045112521e-24,2.707244685615248e-14,2.973922432600654e-18,2.391437988763307e-21,0.5854705390395496,0.5858928130761143,0.5858928130761143,0.5362665967889886,0.5366951845701109,0.5366951845701109
55,55.0,6.371115247746847e-14,6.438098307174391e-18,1.307393734123519e-23,3.433078393714621e-14,3.491008796957855e-18,2.756599893802531e-24,3.545812428383625e-14,3.122210771761083e-18,-2.961034998378232e-21,0.5739765136107935,0.5743904975145667,0.5743904975145667,0.5241327544305882,0.5245516447653208,0.5245516447653208
56,56.0,4.510027759805632e-14,6.050684974360109e-18,-8.7497746287486e-25,2.383126646150977e-14,3.216431320685312e-18,-1.114430464046839e-23,2.351506233284701e-14,2.996716230815176e-18,-3.924207557353624e-21,0.5625053216649789,0.5629110319047431,0.5629110319047431,0.5120676176476601,0.5124768654459498,0.5124768654459498
57,57.0,6.100877683032529e-14,6.783889000869417e-18,-2.914322451139824e-23,3.153491374332311e-14,3.515686922510004e-18,-4.138854436111724e-24,2.890239544398276e-14,3.589309092390996e-18,9.881908125430448e-23,0.5510646934234347,0.5514621520434395,0.5514621520434395,0.5000795788725297,0.5004792457516098,0.5004792457516098
58,58.0,5.697783141428253e-14,6.805178586160796e-18,5.59249413240942e-23,2.90627206380868e-14,3.466130129271465e-18,1.250816739908441e-23,2.918603204545468e-14,2.923934531416219e-18,-1.932581262816606e-21,0.5396621705506209,0.5400514050345857,0.5400514050345857,0.4881767234380482,0.48856687747700317,0.48856687747700317
59,59.0,5.087302257616267e-14,8.900375923131523e-18,-1.736206289643975e-23,2.523086260791524e-14,4.407244961527251e-18,-1.87424415337246e-24,2.474040943392808e-14,3.847836763929478e-18,1.359540457697006e-21,0.5283050992275242,0.528686142357644,0.528686142357644,0.4763668236568304,0.47674753914642803,0.47674753914642803
60,60.0,5.368646330614047e-14,5.670991162985341e-18,-5.522062524084059e-23,2.592800600911963e-14,2.740782438826767e-18,4.449692046753586e-24,2.528488640121808e-14,2.711737218702427e-18,2.468499878078677e-21,0.5170006237157478,0.5173735134270578,0.5173735134270578,0.46465733373239065,0.465028690920847,0.465028690920847
61,61.0,5.088994491364961e-14,8.448216540444262e-18,4.484441587239224e-23,2.380759532853308e-14,3.959751545487259e-18,7.755770895354828e-24,2.241717128954965e-14,3.595494375651548e-18,1.734603391631853e-21,0.5057556804159192,0.506120459646374,0.506120459646374,0.45305538549301916,0.45341747032835417,0.45341747032835417
62,62.0,3.341894908507429e-14,7.857765345904762e-18,-4.664353275030657e-23,1.534281106992219e-14,3.62635912637554e-18,-1.311880953411836e-23,1.584399039288579e-14,3.24525335312255e-18,2.030631291915454e-21,0.49457699242271863,0.494933708959344,0.494933708959344,0.44156778493694493,0.441920688806577,0.441920688806577
63,63.0,3.632441172639353e-14,7.764144180789659e-18,-6.82655968486672e-24,1.620921548259204e-14,3.468521248527456e-18,-6.416710454984429e-25,1.787689264710658e-14,3.175508607430074e-18,-5.340612955439013e-22,0.4834710645775577,0.4838197708990342,0.4838197708990342,0.4302010095751688,0.4305448290433856,0.4305448290433856
64,64.0,4.059131617820564e-14,9.992294159587549e-18,1.160612324393503e-22,1.776375281067438e-14,4.334769153858952e-18,-3.607667599224383e-24,1.79350655627214e-14,4.165099064228855e-18,3.143886845898579e-21,0.472444179018661,0.4727849321346982,0.4727849321346982,0.4189612065562687,0.4192960431001993,0.4192960431001993
65,65.0,5.328429519899997e-14,8.378304173946012e-18,-1.24859705961754e-23,2.25587068033727e-14,3.57199765246123e-18,-1.968662832827752e-24,2.080754115994238e-14,3.502641224691976e-18,-3.663738032699075e-22,0.4615023912270747,0.4618352525149329,0.4618352525149329,0.40785419155553515,0.4081801513002347,0.4081801513002347
66,66.0,3.8102441151014e-14,8.975816652338144e-18,-3.122492566739365e-23,1.578114959213174e-14,3.738084016164997e-18,6.27052604263319e-24,1.547889084836307e-14,3.176768897902098e-18,-1.514524153726004e-23,0.45065152656592167,0.45097656160443816,0.45097656160443816,0.3968854484089568,0.3972026418621978,0.3972026418621978
67,67.0,3.163830854657831e-14,6.014523280097577e-18,3.084629000566391e-24,1.265151241792281e-14,2.40496354473605e-18,-1.563516645346477e-24,1.304028146430271e-14,2.585069367179849e-18,-6.78694788725147e-22,0.43989717730904987,0.4402144557105223,0.4402144557105223,0.3860601294708707,0.38636867125822144,0.38636867125822144
68,68.0,5.005469081772613e-14,9.049255733918532e-18,-1.943702737493844e-23,1.961235765440019e-14,3.544115234902122e-18,4.526251031324732e-25,2.01399769484523e-14,3.091993993828498e-18,-3.759144436579469e-21,0.42924470015409527,0.4295542953943706,0.4295542953943706,0.3753830566725195,0.3756830652732668,0.3756830652732668
69,69.0,4.145010354299053e-14,7.588574332205682e-18,2.941884055859422e-24,1.575935787683645e-14,2.884006519911389e-18,-3.648347828386731e-25,1.5385781670832e-14,3.01006705168293e-18,-6.379204706556073e-22,0.4186992142138806,0.4190012034609957,0.4190012034609957,0.3648587232572902,0.36515032074175086,0.36515032074175086
70,70.0,4.793669658053524e-14,6.892911079163035e-18,-1.615948336426634e-23,1.779943153115141e-14,2.554201387518684e-18,2.958538006872874e-24,1.813294304679201e-14,2.45813818208996e-18,-1.755981974626595e-21,0.40826559947903274,0.40856006342074597,0.40856006342074597,0.3544912961671065,0.35477460793584453,0.35477460793584453
71,71.0,3.701669442797934e-14,7.542784840304011e-18,-6.331860785563753e-24,1.340528074194089e-14,2.715252850378429e-18,4.320716451365864e-25,1.259113417730634e-14,2.711366644363869e-18,-4.896349773855352e-22,0.39794849574368896,0.39823551841423743,0.39823551841423743,0.34428461905325275,0.3445597735787036,0.3445597735787036
72,72.0,3.5302432972602e-14,8.46283213287726e-18,-1.568375122243409e-23,1.220957824188662e-14,2.975638278833628e-18,-1.349128153515225e-25,1.201056838619284e-14,2.826336299577862e-18,9.7951419401078e-22,0.387752301985215,0.3880319705916237,0.3880319705916237,0.3342422158838535,0.3345093444548308,0.3345093444548308
73,73.0,3.345993196395964e-14,8.501023860322278e-18,-4.180381500365962e-24,1.134206681474984e-14,2.886614908996123e-18,-7.809747965968534e-25,1.142732820017346e-14,2.823014206018856e-18,1.179268440446498e-21,0.3776811761879455,0.37795358093621007,0.37795358093621007,0.32436729511931567,0.32462653158885574,0.32462653158885574
74,74.0,4.154331269158345e-14,8.22946102801153e-18,2.564785300038809e-23,1.369075112057467e-14,2.699608366383655e-18,2.524025049944701e-24,1.46617128865864e-14,2.569350688539795e-18,1.087862851427087e-21,0.3677390356001049,0.3680042695215589,0.3680042695215589,0.3146627544262482,0.3149142349632216,0.3149142349632216
75,75.0,4.686396310929389e-14,9.61869176709865e-18,2.977627411665168e-23,1.499613377865743e-14,3.069445928341254e-18,3.92364300259444e-24,1.489447210201994e-14,2.990093263408241e-18,8.384143508796485e-22,0.3579295574122637,0.3581877161904359,0.3581877161904359,0.3051311858997177,0.3053750487446144,0.3053750487446144
76,76.0,5.665839462257243e-14,1.04379123569379e-17,-2.308820607967984e-23,1.763443723878747e-14,3.225570500872607e-18,-3.444668741112508e-24,1.700851399528961e-14,3.113720815290994e-18,1.311383704361779e-21,0.34825617984493573,0.34850736164319146,0.34850736164319146,0.29577488176317435,0.29601126698844415,0.29601126698844415
77,77.0,3.260254438045298e-14,9.873972621928128e-18,-1.426104564740694e-24,9.784114916000154e-15,2.987060645515636e-18,-1.550914904807076e-24,1.010673567698405e-14,3.196019370076502e-18,-8.250275378105583e-22,0.3387221036322272,0.33896640892247987,0.33896640892247987,0.28659584051496756,0.2868248897902733,0.2868248897902733
78,78.0,4.479492103599559e-14,9.171365729703394e-18,9.29946663763136e-23,1.307696243991099e-14,2.718293390867132e-18,-2.507827698088749e-25,1.300142445100208e-14,2.597403221369912e-18,3.431815954090415e-23,0.3293302938878104,0.329567825280579,0.329567825280579,0.27759577349010783,0.2778176298528226,0.2778176298528226
79,79.0,3.687489742230772e-14,8.438312488000532e-18,-1.926943892376438e-23,1.045317887554324e-14,2.366657539802402e-18,-1.311232171660165e-24,9.829150009299612e-15,2.294231192884732e-18,1.138160438527216e-22,0.3200834823389105,0.32031434441498813,0.32031434441498813,0.2687761118057638,0.2689909194370189,0.2689909194370189
80,80.0,4.361110198155239e-14,9.820352260979082e-18,-4.661746572705109e-23,1.193122591853571e-14,2.677047933839647e-18,1.699242705590578e-24,1.118309045080116e-14,2.549878025417469e-18,-6.783360160607015e-22,0.3109841699134698,0.31120846905745836,0.31120846905745836,0.2601380136589399,0.26034591766550536,0.26034591766550536
81,81.0,3.322897975896499e-14,7.871046589295006e-18,-1.193691701171751e-24,8.77467691292709e-15,2.096871780400107e-18,-1.225305093331807e-24,9.277413182572896e-15,2.330201066609542e-18,-6.040176389374902e-22,0.30203462966518135,0.30225247390113597,0.30225247390113597,0.2516823719448597,0.25188351814711313,0.25188351814711313
82,82.0,2.711698489683749e-14,1.041661127768772e-17,-2.253933745119489e-23,6.938822026835569e-15,2.676682411056769e-18,-2.732520677223741e-24,7.750386273395964e-15,2.695203961949272e-18,-4.023864250948644e-22,0.2932369100206729,0.2934484088500885,0.2934484088500885,0.2434098221647518,0.2436043568909675,0.2436043568909675
83,83.0,4.185366263855243e-14,9.641143223584277e-18,9.209214398423307e-24,1.045661941716805e-14,2.376733229324611e-18,4.01542341728403e-24,1.053945075232462e-14,2.288651532108854e-18,-3.97823555632432e-22,0.28459283833276344,0.2847981025751237,0.2847981025751237,0.23532075059202012,0.23550882047918476,0.23550882047918476
84,84.0,3.510011141403382e-14,1.05744262699309e-17,2.135323770588973e-23,8.49698062698144e-15,2.556565456089688e-18,-3.865923409971226e-24,8.55136265414271e-15,2.70625440892381e-18,1.064913200309808e-21,0.27610402472341455,0.27630316635951285,0.27630316635951285,0.22741530266615925,0.22759705446749567,0.22759705446749567
85,85.0,3.565148983853195e-14,8.250211325686493e-18,-6.551498376682732e-24,8.314565218566946e-15,1.932821057756341e-18,-8.494933940941184e-25,8.434892818666444e-15,1.913601348114326e-18,1.491449423291166e-21,0.2677718661997521,0.26796499821798153,0.26796499821798153,0.21969339158425252,0.21986897198361008,0.21986897198361008
86,86.0,4.230082019071572e-14,1.012381382132305e-17,-2.954485979270443e-23,9.474882805665243e-15,2.269650802551292e-18,3.754292846287821e-24,9.05608436996447e-15,2.210552417716806e-18,9.095949349677318e-23,0.25959755102634263,0.2597847872721391,0.2597847872721391,0.2121547070604476,0.21232426249369316,0.21232426249369316
87,87.0,3.604762156176876e-14,8.566086197597775e-18,-1.435130733870854e-24,7.820411340062825e-15,1.873479031398457e-18,-1.29546951690794e-24,7.886812511855883e-15,2.011034497876164e-18,1.200518436851882e-21,0.2515820633367702,0.2517635183653815,0.2517635183653815,0.20479872422444634,0.20496240070796706,0.20496240070796706
88,88.0,4.991714813641962e-14,9.029290641419001e-18,-2.081844925844504e-23,1.040647116509155e-14,1.892111426762512e-18,2.862469824841413e-24,9.863029206174265e-15,2.149457389299252e-18,-5.008219387880527e-22,0.2437261879674746,0.24390197690021642,0.24390197690021642,0.19762471263077044,0.19778265559717653,0.19778265559717653
89,89.0,4.487295306674464e-14,9.97221435383309e-18,1.932384903618345e-23,9.08372722581469e-15,2.015380318522478e-18,1.134027809386751e-24,8.701895255391623e-15,1.968026513829044e-18,-3.268707615489236e-22,0.236030515496774,0.23620075388092016,0.23620075388092016,0.19063174535134175,0.19078409949243652,0.19078409949243652
90,90.0,4.03767379022574e-14,8.87308169322441e-18,-6.841313027810528e-24,7.858434081602547e-15,1.722011063775769e-18,1.401453352004977e-24,8.51253383149651e-15,1.867733785426155e-18,-6.88691601265255e-22,0.2284954474720148,0.2286602511444574,0.2286602511444574,0.18381870812478177,0.1839656172418435,0.1839656172418435
91,91.0,2.571048344515364e-14,9.472639880019115e-18,4.205453151921539e-24,4.785509966939232e-15,1.784130697252029e-18,-9.855200964930793e-26,4.736463603191409e-15,1.819246883840898e-18,9.428664443191192e-22,0.22112120180784753,0.2212806867626509,0.2212806867626509,0.17718430853673223,0.17732591539813317,0.17732591539813317
92,92.0,3.312443886604647e-14,8.066194333435476e-18,8.514855460184685e-23,6.00793743954028e-15,1.459581272579563e-18,1.846938615476647e-25,6.099312169898975e-15,1.564647379189577e-18,-2.951798562038177e-22,0.2139078183387421,0.21406210059870145,0.21406210059870145,0.17072708520646926,0.17086353141263658,0.17086353141263658
93,93.0,3.218842594154864e-14,8.752460330102403e-18,-1.91465025139685e-23,5.551231316909487e-15,1.513193086247094e-18,-1.529095662035549e-24,5.699622846544168e-15,1.572707360814254e-18,-1.041166387634307e-21,0.2068551645090061,0.2070043600013101,0.2070043600013101,0.16444541695609147,0.16457684281179635,0.16457684281179635
94,94.0,3.944732312647845e-14,9.445802838841135e-18,2.799823244539344e-23,6.598948518505517e-15,1.590594264593942e-18,-5.547501179745297e-24,6.595506396119552e-15,1.742536374897978e-18,2.93204486230058e-22,0.1999629411837651,0.2001071656198495,0.2001071656198495,0.15833753193960196,0.15846407633354467,0.15846407633354467
95,95.0,3.595453529501574e-14,1.07322307971e-17,9.359565613035063e-24,5.742125141618858e-15,1.717345484550361e-18,9.257457598861584e-25,5.913498019855328e-15,1.743027688614422e-18,-3.792644251828168e-22,0.19323068856460315,0.1933700573242716,0.1933700573242716,0.15240151671029917,0.15252331700194077,0.15252331700194077
96,96.0,3.578502896607669e-14,8.010772044180192e-18,-2.415132336792211e-23,5.614313731091236e-15,1.236863744022837e-18,6.65139683310555e-24,6.042692669802187e-15,1.468217875031373e-18,-1.431330999457631e-21,0.18665779219383416,0.186792420213709,0.186792420213709,0.1466353252059905,0.14675251711956575,0.14675251711956575
97,97.0,3.048730642264218e-14,9.82787845221416e-18,3.104712565601633e-24,4.565542398716912e-15,1.48375750628283e-18,-1.787446693687341e-25,4.46624265274649e-15,1.576997371558975e-18,-6.621366992662851e-22,0.18024348903168638,0.18037349069804312,0.18037349069804312,0.14103678763268224,0.14114950515831232,0.14114950515831232
98,98.0,3.040372812406591e-14,8.451962376083515e-18,-4.324214227990244e-23,4.362535120686629e-15,1.216151177170535e-18,-5.62094300878739e-24,4.587324028252645e-15,1.357946533022698e-18,-1.898301175121547e-22,0.17398687359102932,0.1741123626370556,0.1741123626370556,0.13560361922854866,0.1357119945303581,0.1357119945303581
99,99.0,3.261883963032998e-14,9.67324776165814e-18,-7.98971472778119e-24,4.552527476071005e-15,1.343417280092423e-18,5.511995251496709e-25,4.861329212422342e-15,1.45637522497048e-18,3.164577478852856e-22,0.16788690411464857,0.16800799352215853,0.16800799352215853,0.13033342889114158,0.13043759222227017,0.13043759222227017
100,100.0,4.101321411341841e-14,1.201307053779581e-17,-3.375477274569384e-23,5.436042698522737e-15,1.607439229418283e-18,4.255529737029125e-24,5.683221888943573e-15,1.786509247559467e-18,4.221619515175005e-22,0.1619424087804802,0.16205921068610454,0.16205921068610454,0.12522372765197723,0.12532380727636477,0.12532380727636477
101,101.0,3.650683002738041e-14,1.204981831124782e-17,-1.650892479631029e-23,4.642066865950614e-15,1.54233750438742e-18,-3.523550097728723e-25,4.552933600448533e-15,1.617163201164268e-18,9.660646921653557e-22,0.15615209192065369,0.15626471752651516,0.15626471752651516,0.12027193698380155,0.12036805910461203,0.12036805910461203
102,102.0,3.725553193925781e-14,1.032103052655059e-17,-8.081997487434196e-24,4.605482305349917e-15,1.270276262655672e-18,2.77730775027583e-25,4.792027016124543e-15,1.490412202658127e-18,1.982750639637825e-22,0.15051454024064895,0.15062309972952329,0.15062309972952329,0.11547539692700604,0.11556768562154623,0.11556768562154623
103,103.0,3.902814802385554e-14,8.3821509188867e-18,2.014084560138801e-23,4.62400348904658e-15,9.858406818100205e-19,-3.277570808224985e-25,4.613084299508617e-15,1.1695352963824e-18,-6.704099767334817e-23,0.14502822902535578,0.14513283148030906,0.14513283148030906,0.11083137402282893,0.11091995118380749,0.11091995118380749
104,104.0,2.596729839236382e-14,7.831173120837735e-18,2.384261805267019e-23,2.954985701554268e-15,8.916597913151203e-19,-3.91608256184718e-24,3.04757064860915e-15,9.346316167881294e-19,-8.46893441048383e-22,0.13969152831932788,0.13979228164781146,0.13979228164781146,0.10633706904211937,0.10642205432508255,0.10642205432508255
105,105.0,3.250332287365856e-14,7.957994217049243e-18,1.105337397084221e-23,3.543320504431005e-15,8.646010041453628e-19,1.894236016732205e-24,3.670538317571466e-15,9.741031302134202e-19,2.48990024346178e-22,0.13450270906904263,0.1345997199314178,0.1345997199314178,0.10198962449958315,0.10207113527635633,0.10207113527635633
106,106.0,2.31268142901729e-14,7.945870784038823e-18,5.360408161761622e-23,2.37782370130758e-15,8.199376645376988e-19,1.560807383774142e-24,2.624390719987136e-15,9.786111303127996e-19,5.817907148806841e-22,0.1294599492155135,0.12955332295797092,0.12955332295797092,0.09778613194453721,0.09786428326249287,0.09786428326249287
107,107.0,4.148039807349689e-14,1.091760771998028e-17,2.796382510771379e-24,4.113615413738972e-15,1.075673670988673e-18,-3.642406619107687e-25,4.153469408315235e-15,1.240636090659875e-18,-1.146935554873596e-22,0.124561339726154,0.12465118031798353,0.12465118031798353,0.09372363902029503,0.09379854356726278,0.09379854356726278
108,108.0,3.797549999638988e-14,1.165023168904567e-17,-8.99288688821266e-24,3.604650291397327e-15,1.107479965088867e-18,-1.79133031906032e-24,3.619257682198867e-15,1.186208922650369e-18,1.217349360801946e-22,0.11980489055534967,0.11989130053050912,0.11989130053050912,0.08979915628536929,0.08987092435999756,0.08987092435999756
109,109.0,2.329903888630996e-14,8.93657200823731e-18,-1.344309394621884e-23,2.132101122244738e-15,8.16292349794055e-19,-1.656036717628393e-25,2.419621816345415e-15,1.008340404145197e-18,2.960876513007628e-22,0.11518853652376697,0.11527161692669155,0.11527161692669155,0.08600966379071694,0.08607840327809105,0.08607840327809105
110,110.0,2.828997123486747e-14,8.353534201144416e-18,1.39991659174593e-23,2.477843814520063e-15,7.238009814189072e-19,1.776536195093277e-24,2.855004912157836e-15,8.679167150812742e-19,3.863502005941899e-23,0.11071014310700307,0.11078999344258977,0.11078999344258977,0.08235211740825557,0.08241793376057374,0.08241793376057374
111,111.0,3.357538721854734e-14,9.855481689989116e-18,2.375405756639049e-23,2.795492362737835e-15,8.2587758173604e-19,2.129047079156679e-25,2.662670078883358e-15,9.62409231163029e-19,-1.22484689196229e-23,0.10636751212476263,0.1064442303124582,0.1064442303124582,0.07882345490685462,0.07888645112895984,0.07888645112895984
112,112.0,3.603173958510113e-14,1.050857280796237e-17,2.996601234364983e-24,2.899881191596894e-15,8.487619413074193e-19,1.095902387795922e-24,3.043075757832126e-15,9.978904124308296e-19,-1.841150742724588e-22,0.10215838732233132,0.10223206965424558,0.10223206965424558,0.07542060177293902,0.07548087841250287,0.07548087841250287
113,113.0,3.078803574532574e-14,8.100995792568986e-18,-2.391828923870418e-23,2.359321811290661e-15,6.16542527446279e-19,-1.428228260090887e-24,2.411975515474501e-15,7.139518843611958e-19,-8.569605816664787e-23,0.09808045983670083,0.09815120093966273,0.09815120093966273,0.07214047677374337,0.07219813191589598,0.07219813191589598
114,114.0,2.451097126440124e-14,7.498409042437357e-18,-4.230794227701451e-23,1.784695105593434e-15,5.490956206126627e-19,1.004877092342568e-24,2.108014321555622e-15,7.202056463883301e-19,-2.175183009765686e-22,0.09413137354028416,0.09419926634175192,0.09419926634175192,0.06897999726211362,0.06903512652831333,0.06903512652831333
115,115.0,3.452213211659432e-14,9.374065557372739e-18,-4.566754849785792e-24,2.408130953159135e-15,6.522675365137521e-19,3.723439093316944e-25,2.591735617139424e-15,7.755928414201877e-19,-2.504261726505784e-22,0.09030873025574036,0.09037386595347278,0.09037386595347278,0.06593608422257204,0.06598878077350781,0.06598878077350781
116,116.0,3.004849448955654e-14,9.358983288411719e-18,-1.956704814664585e-23,2.011696039869519e-15,6.219632207261013e-19,-6.688163798226557e-25,2.334035045070559e-15,7.414222264899942e-19,-9.58298958785332e-23,0.08661009483600388,0.0866725628713958,0.0866725628713958,0.06300566705914022,0.0630560216014606,0.0630560216014606
117,117.0,2.718200989708316e-14,7.38287005427415e-18,6.44453474481427e-24,1.715904824400149e-15,4.72582988024676e-19,8.230365389722289e-25,1.703613746774186e-15,5.556773641034585e-19,7.194806978447565e-23,0.08303300010418424,0.08309288813916478,0.08309288813916478,0.0601856881261484,0.06023378892281139,0.06023378892281139
118,118.0,2.842771332229049e-14,8.624170734602553e-18,1.464116691937883e-23,1.729323066488909e-15,5.242986089035534e-19,-8.7174815203172e-26,1.840951530646104e-15,6.775085088018083e-19,-1.172634231082008e-22,0.07957495164856307,0.07963234554595236,0.07963234554595236,0.05747310700395273,0.0575190398879931,0.0575190398879931
119,119.0,2.975641915748016e-14,1.0192395925372e-17,-5.78464130823009e-24,1.709251031721336e-15,5.892072255973287e-19,-7.45029904540562e-25,1.680207448171933e-15,7.341447222820373e-19,-5.642589257861398e-23,0.07623343246846792,0.07628841627568467,0.07628841627568467,0.054864904522131185,0.05490875291364285,0.05490875291364285
120,120.0,3.111011445091785e-14,9.430411857835052e-18,-1.175531394431859e-23,1.701206592039051e-15,5.189342283485079e-19,2.539219214309159e-25,1.996158143408736e-15,6.659096635808274e-19,5.721273654890036e-23,0.07300590746734524,0.07305856340335506,0.07305856340335506,0.05235808653333332,0.052399931459468,0.052399931459468
121,121.0,3.404012762281587e-14,1.061215308380074e-17,2.914800440984956e-23,1.782576047464867e-15,5.590110593458096e-19,1.002543698291822e-24,1.887430428344366e-15,6.69840727887543e-19,2.712152117683183e-22,0.06988982778988323,0.06994023623527496,0.06994023623527496,0.04994968744152215,0.049989607559307786,0.049989607559307786
122,122.0,3.020298773136941e-14,9.07475681466348e-18,5.534675916722059e-23,1.515253602839286e-15,4.545993245752273e-19,-2.084349029303512e-24,1.734647764142396e-15,5.779466086205638e-19,-1.249418483613057e-22,0.06688263500055358,0.06693087449062954,0.06693087449062954,0.04763677348886438,0.047674845110650385,0.047674845110650385
123,123.0,3.090350195889671e-14,9.659500907096224e-18,-1.325960379479148e-23,1.468434300768543e-15,4.568593522640408e-19,5.199017324050737e-25,1.56632588374907e-15,5.831975086228607e-19,3.162583353525076e-23,0.0639817651014425,0.06402791232220659,0.06402791232220659,0.045416445806001425,0.04545274292734184,0.04545274292734184
124,124.0,2.7217664022362e-14,9.743501460566132e-18,-3.154697375034632e-23,1.235390147848708e-15,4.419961635842002e-19,-1.645431741636742e-25,1.391440235313214e-15,5.580719518426661e-19,-4.238471098692115e-23,0.061184652387728834,0.061228782174655355,0.061228782174655355,0.043285843230867094,0.04332043756065644,0.04332043756065644
125,125.0,2.683361370753492e-14,7.343826909426347e-18,-1.525758191346592e-23,1.14907862793676e-15,3.168098865690381e-19,-2.054595235348044e-25,1.333526829503393e-15,3.967416248963087e-19,-4.321058466190477e-23,0.05848873313963864,0.058530918479104146,0.058530918479104146,0.041242144901609594,0.04127510589429111,0.04127510589429111
126,126.0,2.432184043401228e-14,6.378279689665932e-18,1.914005082299633e-23,9.977704148149336e-16,2.587708611697168e-19,1.338628332997984e-24,1.172450092642512e-15,3.563607352778833e-19,4.359104507763143e-23,0.0558914491501587,0.05593176118341798,0.05593176118341798,0.03928257262952755,0.039313967519197864,0.039313967519197864
127,127.0,2.907367913848987e-14,8.144188675092234e-18,1.825315310832792e-24,1.131101570201516e-15,3.160995000603248e-19,-5.568783785148949e-25,1.249173404439184e-15,3.967218410189332e-19,5.765765439563199e-23,0.053390251088228764,0.05342875911781675,0.05342875911781675,0.0374043930582399,0.037434286894479286,0.037434286894479286
128,128.0,3.048070028699974e-14,7.833963502250459e-18,-5.615026619926599e-24,1.119211499280706e-15,2.892273295249756e-19,-5.551723688342662e-26,1.257620124168882e-15,3.743778272325857e-19,2.324155812183383e-23,0.05098260169755012,0.05101937319599087,0.05101937319599087,0.03560491961558332,0.03563337530084594,0.03563337530084594
129,129.0,2.739396329303831e-14,7.778894382211263e-18,1.239127453055112e-23,9.640402162527858e-16,2.738862716327984e-19,3.160990388495117e-25,1.122085514869762e-15,3.940537576453053e-19,3.919991678212411e-24,0.04866597883154697,0.04870107945225161,0.04870107945225161,0.03388151426496588,0.03390859259336977,0.03390859259336977
130,130.0,2.701463960961616e-14,8.376130796020298e-18,-4.312621464238679e-23,9.050928792464573e-16,2.817279580035952e-19,4.657127883264537e-25,1.022620800701376e-15,3.51531197671815e-19,-6.386467352403744e-23,0.046437878325397856,0.046471371915634066,0.046471371915634066,0.03223158906310435,0.0322573487604663,0.0322573487604663
131,131.0,2.460467117477241e-14,7.274918694546045e-18,-5.572870587103269e-24,7.790089878345841e-16,2.29652752065006e-19,-6.698468039553638e-27,9.143557911140602e-16,3.301643196149798e-19,7.20997245780271e-23,0.044295816706414456,0.04432776532223078,0.04432776532223078,0.030652607531237656,0.030677105296203978,0.030677105296203978
132,132.0,2.303735018148514e-14,8.607360373700766e-18,2.799483508808642e-23,6.883946900243396e-16,2.572849195091856e-19,-5.209660284826868e-25,8.044828295948973e-16,3.406390298972934e-19,1.241197694283338e-22,0.0422373337443858,0.04226779766737539,0.04226779766737539,0.02914208584703883,0.02916537639316877,0.02916537639316877
133,133.0,2.000247808883338e-14,7.239442790604505e-18,-5.535117835280526e-25,5.679392663403398e-16,2.081764140689905e-19,-2.55847906740304e-25,6.842623660875033e-16,2.88635368613381e-19,7.741431061277597e-23,0.04025999484382641,0.040289032599616255,0.040289032599616255,0.027697593864547634,0.027719729963211828,0.027719729963211828
134,134.0,2.176195203773474e-14,6.654033770856164e-18,1.883700344393374e-23,5.885930221064083e-16,1.806307454414847e-19,4.118830287202567e-25,6.630389970054106e-16,2.507307218628582e-19,-3.142994314473596e-23,0.03836139328036788,0.038389061658720997,0.038389061658720997,0.026316755969514372,0.026337788493476982,0.026337788493476982
135,135.0,2.084327342827668e-14,7.359698991643567e-18,1.769449110730734e-23,5.350155501990673e-16,1.899262197150776e-19,3.557270320745641e-25,6.54773392616648e-16,2.578078443073101e-19,1.399056696895909e-22,0.036539152283812604,0.036565506360232654,0.036565506360232654,0.024997251777585074,0.025017229745143862,0.025017229745143862
136,136.0,2.298167386373648e-14,8.103938524382571e-18,1.546045703636212e-23,5.560789519109717e-16,1.968330696004189e-19,3.211782641181208e-25,7.266374231583056e-16,2.708395262086811e-19,1.257371284334886e-22,0.03479092697063017,0.03481602012935992,0.03481602012935992,0.02373681668277088,0.023755787302335647,0.023755787302335647
137,137.0,2.771441435309428e-14,7.01907011448976e-18,-2.907103019316829e-23,6.407740675779718e-16,1.613419609656897e-19,-6.534978954564087e-25,6.894553520222702e-16,2.231030150217836e-19,-3.710046924601089e-24,0.03311440612891534,0.03313829008722252,0.03313829008722252,0.02253324226363206,0.022551250978627715,0.022551250978627715
138,138.0,2.38979664428007e-14,6.079307303557056e-18,-3.605727938668595e-23,5.169151507044707e-16,1.312708316483814e-19,2.354671954664995e-25,6.438746967191092e-16,1.935065829647487e-19,-5.772911384386791e-23,0.031507313859048425,0.031530038692694884,0.031530038692694884,0.02138437655456922,0.021401467088555646,0.021401467088555646
139,139.0,2.918838372256712e-14,6.688890587138041e-18,1.537179612063345e-23,5.983560211727439e-16,1.378549314892791e-19,5.896788833772911e-25,6.9241368275845e-16,1.844925141964174e-19,3.694431895208098e-23,0.029967411073498658,0.029989025243291313,0.029989025243291313,0.020288124189555907,0.020304338591462724,0.020304338591462724
140,140.0,2.350788539547242e-14,6.94148801710312e-18,-2.914917567107786e-23,4.518744715057138e-16,1.345039978618577e-19,9.050175545909716e-26,5.684641116720268e-16,2.039588134237303e-19,-1.566325242089643e-23,0.028492496859393108,0.02851304723871768,0.02851304723871768,0.019242446425566686,0.019257825114946704,0.019257825114946704
141,141.0,2.516900536290193e-14,6.512977745107593e-18,-1.972849252759337e-23,4.589739914058911e-16,1.185538661275919e-19,4.995356076446805e-26,5.584363056075423e-16,1.79181657824113e-19,2.465336505683174e-23,0.027080409707636314,0.027099941610877473,0.027099941610877473,0.01824536105285514,0.018259942865066155,0.018259942865066155
142,142.0,2.262527374399534e-14,6.608289076599347e-18,3.231383496005777e-23,3.905767861232101e-16,1.142023010863186e-19,-2.143056446314119e-26,5.075616725861902e-16,1.654338486361805e-19,-5.210342174589658e-23,0.025729028612509326,0.025747585824264025,0.025747585824264025,0.017294942199120956,0.017308764430350992,0.017308764430350992
143,143.0,2.17404590177843e-14,6.295701068460277e-18,2.91012916415081e-23,3.521570120053045e-16,1.025216729994151e-19,3.281030370375412e-25,4.659491173470361e-16,1.626396539463658e-19,3.092100838206049e-24,0.024436274045803643,0.024453898850796994,0.024453898850796994,0.016389320034471445,0.016402418486528198,0.016402418486528198
144,144.0,2.395786101616013e-14,7.017974968529752e-18,9.073353850820126e-24,3.737559626632432e-16,1.099348081077363e-19,-1.179989025140951e-24,4.195182331645057e-16,1.465504248274871e-19,4.928784910325405e-23,0.02320010880965302,0.02321684202326931,0.02321684202326931,0.015526680383936812,0.015539089408727454,0.015539089408727454
145,145.0,2.321980609488606e-14,6.160254733864225e-18,-1.793229606237824e-23,3.390180267258708e-16,8.984181710865284e-20,3.420692479648344e-25,4.064402429278181e-16,1.256550496671691e-19,-5.638377816317522e-23,0.022018538772318078,0.022034419771662466,0.022034419771662466,0.014705264254138196,0.014717016797770852,0.014717016797770852
146,146.0,2.265600934874297e-14,4.982640139828956e-18,-4.135760829860998e-23,3.116222700666435e-16,6.829657685346823e-20,2.842689971009012e-25,4.411013624199505e-16,1.14642082254582e-19,2.160191949295578e-24,0.02088961349125293,0.02090468024666251,0.02090468024666251,0.013923367280536437,0.013934494926979919,0.013934494926979919
147,147.0,2.027496552225494e-14,5.536201695872206e-18,3.737113835081725e-24,2.603903435135165e-16,7.231229770839849e-20,-3.74830130754495e-26,3.532139497290895e-16,1.076068925877773e-19,1.764281498397936e-23,0.019811426727842363,0.019825715834768557,0.019825715834768557,0.013179339101507504,0.013189872115750786,0.013189872115750786
148,148.0,2.148159609435431e-14,6.042688282145554e-18,6.345816074910658e-23,2.581055892323332e-16,7.399871912399043e-20,2.296462484041311e-25,3.306978508032079e-16,1.117927164758733e-19,8.251323037995055e-24,0.01878211685824121,0.01879566356942837,0.01879566356942837,0.012471582665300823,0.012481550035958647,0.012481550035958647
149,149.0,2.348070952470418e-14,5.649499285342079e-18,3.27157572289595e-23,2.630890258429881e-16,6.423826461453269e-20,6.60910983924213e-26,3.37308473680426e-16,1.006872291151764e-19,-3.389773264085012e-24,0.017799867184776733,0.01781270544266544,0.01781270544266544,0.011798553475738492,0.011807982957054125,0.011807982957054125
150,150.0,2.157589916131263e-14,4.792944215109918e-18,-1.219949250567078e-23,2.345095419843528e-16,5.194197844481694e-20,-4.422048710341944e-25,2.969552907484934e-16,8.529197509375811e-20,5.669413307227461e-23,0.016862906152389754,0.016875068621676193,0.016875068621676193,0.011158758782309824,0.011167676935510538,0.011167676935510538
151,151.0,2.680670370192266e-14,6.20566717477464e-18,-3.758746096685822e-23,2.721290412773616e-16,6.306818673427449e-20,6.551357849175406e-26,3.727411904170483e-16,9.927909727121392e-20,8.950953190850842e-25,0.015969507474591426,0.01598102557487758,0.01598102557487758,0.010550756720106002,0.010559188954071175,0.010559188954071175
152,152.0,2.194194623308565e-14,5.786799973598959e-18,-3.507824324618966e-23,2.135246308768957e-16,5.61313940252485e-20,8.443904526505308e-25,3.033630919065519e-16,9.063562313755395e-20,2.262897837901798e-23,0.015117990173402074,0.015128894111874779,0.015128894111874779,0.009973155404827318,0.009981126016033268,0.009981126016033268
153,153.0,2.648230009190225e-14,6.909885982804953e-18,7.249409691903908e-24,2.404470686456938e-16,6.283310610775668e-20,-1.247460482531586e-25,3.115022375546369e-16,9.50433501084004e-20,4.339852468648788e-23,0.014306718537714811,0.014317037341794736,0.014317037341794736,0.00942461198787886,0.009432144199588504,0.009432144199588504
154,154.0,2.208031225357295e-14,4.910382837068936e-18,5.336032823910103e-23,1.882619478326323e-16,4.187640567168378e-20,2.604145581262754e-25,2.60050866964112e-16,6.665197134699538e-20,-1.284193652164425e-23,0.013534102004492829,0.013543863554397784,0.013543863554397784,0.008903831676353348,0.008910947677022612,0.008910947677022612
155,155.0,2.540744271428692e-14,5.823907883766694e-18,-4.019842361168941e-24,2.014932797320881e-16,4.633132709083549e-20,-1.240822504020027e-25,2.804245215697345e-16,7.77596258568268e-20,1.682968060370456e-23,0.012798594967164212,0.01280782602833427,0.01280782602833427,0.008409566722480598,0.008416287703357218,0.008416287703357218
156,156.0,2.086808765047889e-14,4.990569414167953e-18,-5.44165010948577e-24,1.564318682268739e-16,3.756851325196508e-20,-2.347981780232579e-25,2.268424177257739e-16,6.427049261740422e-20,2.295116246188339e-23,0.012098696515523309,0.012107422770858313,0.012107422770858313,0.007940615386904602,0.007946961578798331,0.007946961578798331
157,157.0,2.264112001404482e-14,5.347453033333779e-18,-6.58252584051763e-24,1.606704513115193e-16,3.794649870138777e-20,-1.753671465764009e-25,2.274422051778866e-16,6.183157730499851e-20,-1.822017964575048e-23,0.011432950111384144,0.011441196193247285,0.011441196193247285,0.007495820879930942,0.007501811589137625,0.007501811589137625
158,158.0,1.759399448068429e-14,3.688825748458298e-18,-5.263654476581466e-23,1.142242481522548e-16,2.41820674738148e-20,1.347565997676335e-24,1.722082951265917e-16,4.327799363018949e-20,3.044689383154207e-24,0.01079994320415867,0.010807732726102798,0.010807732726102798,0.00707407028467097,0.007079723928035977,0.007079723928035977
159,159.0,2.282089791447835e-14,5.03501482195333e-18,4.498679050341774e-24,1.428207018381501e-16,3.122101438169728e-20,5.659431879788935e-26,2.080671815964943e-16,5.220905000158282e-20,2.466009777051e-23,0.010198306790452886,0.010205662378629183,0.010205662378629183,0.006674293465794362,0.006679627604903886,0.006679627604903886
160,160.0,2.407044322737046e-14,4.380085314957033e-18,9.328620766526626e-24,1.412984076939778e-16,2.577497169140604e-20,-7.028975706617893e-25,1.98205717562896e-16,4.067527286419509e-20,-4.863879058698724e-23,0.00962671492168654,0.009633658245898047,0.009633658245898047,0.0062954619673906784,0.006300493341882209,0.006300493341882209
161,161.0,1.966359370625418e-14,4.77665843189829e-18,1.717283957458596e-23,1.07306230061534e-16,2.618897306318971e-20,5.354066434632667e-26,1.817676519116823e-16,4.4971356194688e-20,-2.00123539243891e-23,0.009083884163648423,0.009090435968013783,0.009090435968013783,0.005936587903231895,0.005941332463217766,0.005941332463217766
162,162.0,2.675210585062023e-14,5.207171216462428e-18,4.30074463347051e-24,1.364461807791634e-16,2.666713321934215e-20,-7.712019754329293e-26,1.884253192040234e-16,4.68822585824894e-20,1.120731041459294e-24,0.008568573011800168,0.008574753144995647,0.008574753144995647,0.005596722842524113,0.005601195780124547,0.005601195780124547
163,163.0,2.624566120823554e-14,4.28288866343725e-18,-4.755969452967728e-24,1.257498294046421e-16,2.053723295644032e-20,5.08571655572558e-25,1.799373423750338e-16,3.54727716200387e-20,-4.143425742468791e-23,0.008079581266036594,0.008085408711087132,0.008085408711087132,0.005274956694036567,0.005279172474020908,0.005279172474020908
164,164.0,2.101559161210322e-14,4.57554740630901e-18,-2.242749477728854e-23,9.386995709166873e-17,2.069279252859447e-20,-3.431959821519315e-26,1.561130932398363e-16,3.635035464885187e-20,4.913398328005185e-24,0.007615749368501845,0.007621242272094531,0.007621242272094531,0.004970416591301145,0.004974388980838132,0.004974388980838132
165,165.0,2.407774629806419e-14,4.136575659169847e-18,-1.525458406267252e-25,1.016697824759693e-16,1.758492358176637e-20,2.517303786039438e-25,1.557450152131813e-16,3.182511501731813e-20,1.439771188790862e-23,0.007175957707947381,0.007181133409243168,0.007181133409243168,0.004682265781386024,0.004686007878905961,0.004686007878905961
166,166.0,2.127676959702567e-14,3.773975564082592e-18,7.45387449575958e-23,8.391834416429525e-17,1.495725325760447e-20,-7.727098674270637e-25,1.286651125960788e-16,2.577986648669468e-20,-1.28431267693811e-24,0.006759125894001735,0.0067640009529237296,0.0067640009529237296,0.004409702519562406,0.004413226782735957,0.004413226782735957
167,167.0,2.072956083864106e-14,3.819022607895344e-18,6.374872143530799e-25,7.573006864609867e-17,1.40686179298513e-20,1.105615184049007e-25,1.153321395448539e-16,2.500568127210243e-20,1.044300112798586e-23,0.006364212004602553,0.0063688022295815,0.0063688022295815,0.004151958972005154,0.00415527724484515,0.00415527724484515
168,168.0,2.152872021587339e-14,4.489594201645153e-18,-2.084452823439184e-23,7.509117512773471e-17,1.54628581421039e-20,2.88525495822647e-25,1.164838657813399e-16,2.849993330447102e-20,-2.300890435315896e-23,0.005990211809720351,0.005994532284880243,0.005994532284880243,0.003908300128495355,0.003911423667589645,0.003911423667589645
169,169.0,1.8112806570342e-14,2.794243955173121e-18,-3.235446493554e-24,5.905416656487687e-17,9.01459678486527e-21,1.662886014352448e-25,9.87765220202667e-17,1.751625720471758e-20,-2.416867932573304e-23,0.005636157974379896,0.0056402230861487355,0.0056402230861487355,0.0036780227269267076,0.003680962226811448,0.003680962226811448
170,170.0,2.007892029757583e-14,3.207377759921215e-18,-2.981998496353448e-23,6.199845166948221e-17,9.765907427120829e-21,5.141852614686801e-25,9.694272831381677e-17,1.884138732174244e-20,-5.425525136058778e-24,0.005301119243861101,0.005304942706993999,0.005304942706993999,0.0034604541912575735,0.0034632198089417387,0.0034632198089417387
171,171.0,2.067963850701815e-14,3.509005079228794e-18,-6.741590731256258e-24,5.842627469276582e-17,9.855908404734377e-21,-7.00882152387374e-26,9.249578861084414e-17,1.88266561053655e-20,-8.91384796381662e-25,0.004984199613835818,0.00498779449683955,0.00498779449683955,0.0032549515843969244,0.0032575529630499496,0.0032575529630499496
172,172.0,1.999926947178676e-14,3.727717870619931e-18,-5.665449770732399e-24,5.208369254980274e-17,9.799334360684845e-21,-2.71566328128397e-25,8.910072505938513e-17,1.746531914164204e-20,-1.13811936514423e-23,0.004684537488071513,0.004687916238021547,0.004687916238021547,0.003060900577365526,0.0030633468691810975,0.0030633468691810975
173,173.0,1.89935079083813e-14,3.679364759303274e-18,1.433583483496084e-23,4.637020822439003e-17,9.084181997483734e-21,1.121865656408088e-26,7.361934013748733e-17,1.775506673218638e-20,-5.033842505317684e-24,0.004401304826207216,0.004404479292950091,0.004404479292950091,0.002877714435933201,0.0028800143241831597,0.0028800143241831597
174,174.0,1.91624533799875e-14,3.732924314060271e-18,3.043300204000069e-23,4.401974692817832e-17,8.559078268565753e-21,4.934174841935645e-25,7.123517370589817e-17,1.537630121092566e-20,-1.363421585161068e-24,0.004133706283982258,0.0041366877437178295,0.0041366877437178295,0.0027048330257990597,0.00270699474609224,0.00270699474609224
175,175.0,1.667615698024103e-14,3.220456774564624e-18,-6.838658846629376e-24,3.607363077630613e-17,6.815759614383502e-21,-3.95924634427247e-26,6.807944428030111e-17,1.366065644684342e-20,-3.410829018667428e-23,0.003880978348173843,0.0038837775264136086,0.0038837775264136086,0.002541721837254439,0.0025437531980160113,0.0025437531980160113
176,176.0,2.16203240007374e-14,3.235302545463462e-18,-9.944918095484213e-24,4.386520915149069e-17,6.37505717777158e-21,4.744075295222965e-25,7.092348994508516e-17,1.20765633138886e-20,-6.300941741331771e-24,0.0036423884683766837,0.0036450155622758944,0.0036450155622758944,0.0023878710301473323,0.0023897794323348735,0.0023897794323348735
177,177.0,1.921894278353034e-14,3.735676166038816e-18,-1.699529553095533e-23,3.552381293897579e-17,6.866473821381445e-21,-2.11021421733827e-25,6.849587332726165e-17,1.356882578448351e-20,7.240359097708793e-24,0.003417234187636147,0.0034196988876988815,0.0034196988876988815,0.002242794499852874,0.0022445869559259563,0.0022445869559259563
178,178.0,2.11098008745945e-14,2.695537804225666e-18,1.816581929408723e-23,3.593571703246811e-17,4.593900993211569e-21,-1.329641516245844e-25,6.352838064923959e-17,9.680763018679738e-21,-1.520547656613962e-23,0.003204842273826711,0.0032071537849844584,0.0032071537849844584,0.002106028964846469,0.002107712117007031,0.002107712117007031
179,179.0,2.060592104726427e-14,2.915936639031638e-18,2.237833105394765e-24,3.287635887459261e-17,4.651615944366306e-21,9.25001629503916e-27,6.554771163253036e-17,9.51687344486442e-21,-5.166343056789248e-24,0.003004567853549609,0.003006734915615161,0.003006734915615161,0.0019771330763744383,0.001978713214095603,0.001978713214095603
180,180.0,1.595565408105888e-14,2.566437146157086e-18,-4.501404916433548e-23,2.433931309612685e-17,3.830184976753531e-21,6.979297474352766e-25,4.64139868527392e-17,8.229539259211877e-21,1.979448781445694e-24,0.002815793550208172,0.0028178244577078564,0.0028178244577078564,0.0018556865506215122,0.001857169627482819,0.001857169627482819
181,181.0,2.043314597898481e-14,2.88821670500924e-18,1.729812294471502e-23,2.904846272201369e-17,4.025711929853162e-21,2.441932139139834e-25,5.457809406346487e-17,8.26525098948435e-21,-7.824721454304028e-24,0.002637928627806289,0.002639831249194653,0.002639831249194653,0.0017412893236850857,0.0017426809735323799,0.0017426809735323799
182,182.0,1.928721881480561e-14,3.021796052098465e-18,6.900344284711325e-23,2.475884318981848e-17,3.850045162633588e-21,-1.025641855449019e-25,4.68301080099327e-17,8.17753584281047e-21,-8.449916533580842e-24,0.0024704081419052353,0.0024721899381673594,0.0024721899381673594,0.0016335607295823139,0.0016348662820306898,0.0016348662820306898
183,183.0,1.778428833815903e-14,2.499032578094469e-18,4.069329384859868e-24,2.160647359859473e-17,3.01413173317103e-21,1.267077233402311e-25,4.380238783058755e-17,6.67482925051879e-21,1.093849184974391e-23,0.002312692099066594,0.0023143601417141475,0.0023143601417141475,0.0015321387014383269,0.0015333631967366598,0.0015333631967366598
184,184.0,1.694637031126227e-14,2.546463711895612e-18,-8.307685995635592e-23,1.860566694818086e-17,2.844455131236495e-21,-5.636315989769086e-25,3.406415896372514e-17,5.902368294305496e-21,-2.155572967481005e-23,0.0021642646260047887,0.0021658256144728273,0.0021658256144728273,0.001436678995931348,0.0014378271992069919,0.0014378271992069919
185,185.0,1.653830333292279e-14,2.240397968385641e-18,-1.140998113481411e-23,1.724358777368977e-17,2.342476965636002e-21,4.261191812492404e-25,3.400965435877993e-17,5.175169719473425e-21,9.363502741348998e-24,0.0020246331495714356,0.0020260934280237636,0.0020260934280237636,0.0013468544410034139,0.0013479308559056675,0.0013479308559056675
186,186.0,1.698000588038694e-14,2.503855647381357e-18,3.205291717554144e-23,1.600428605577385e-17,2.433829199780075e-21,3.206224878676437e-25,3.267438232533377e-17,5.400407764375753e-21,1.556723554605487e-24,0.0018933275885959044,0.0018946931621475424,0.0018946931621475424,0.001262354206783501,0.0012633630885443927,0.0012633630885443927
187,187.0,1.960949491011424e-14,2.366095924163417e-18,4.250552751894793e-24,1.765725326771438e-17,2.110881381181979e-21,1.272863946402072e-25,3.696993472951961e-17,4.72474250500703e-21,-4.451797379553507e-24,0.0017698995585119887,0.0017711761088779784,0.0017711761088779784,0.001182883099612957,0.0011838284675438067,0.0011838284675438067
188,188.0,2.256600359810021e-14,3.001521591927224e-18,1.091404712808548e-23,1.864470150339276e-17,2.488129352236673e-21,-2.292008520267734e-25,3.849170183291126e-17,5.352798149751464e-21,2.957174347707846e-24,0.0016539215896095177,0.001655114490189881,0.001655114490189881,0.001108160879010923,0.0011090465284530207,0.0011090465284530207
189,189.0,1.638103492869696e-14,2.295019573266054e-18,7.069228678543433e-24,1.252619920518095e-17,1.747759930970706e-21,2.148667377896336e-25,2.687298143947772e-17,3.763213938629827e-21,1.32445346857578e-24,0.0015449863596622734,0.0015461006900735052,0.0015461006900735052,0.0010379215973698437,0.0010387511111174075,0.0010387511111174075
190,190.0,1.704839174757276e-14,2.417945381233036e-18,-2.594420532543534e-23,1.226341518307578e-17,1.742515913483867e-21,-1.97799768669987e-25,2.898332408955997e-17,4.038976342683958e-21,-6.511421846857774e-24,0.0014427059415996735,0.0014437465016636085,0.0014437465016636085,0.0009719129621280457,0.0009726897213414233,0.0009726897213414233
191,191.0,1.677654021068859e-14,2.454042734541542e-18,-5.39912818262047e-24,1.104035020692474e-17,1.634782625427579e-21,9.934003263134172e-26,2.563650710318048e-17,3.839962185632349e-21,-1.331869862234859e-24,0.0013467110668093417,0.0013476823900106778,0.0013476823900106778,0.0009098957201272126,0.0009106229147540589,0.0009106229147540589
192,192.0,1.521770766008002e-14,2.011122379995943e-18,-2.898938409627991e-24,9.215057953821702e-18,1.236628244013401e-21,7.122474387262994e-25,2.054128517846943e-17,2.949040238668585e-21,1.051344375303375e-23,0.0012566504045810243,0.001257556771005138,0.001257556771005138,0.0008516430638275903,0.0008523237025494865,0.0008523237025494865
193,193.0,1.786365613520555e-14,1.812185793916109e-18,-1.490841230252072e-24,1.01352066982975e-17,9.98632534634996e-22,-2.417223535606573e-26,2.508208448982514e-17,2.541261550994874e-21,3.920875933562055e-24,0.0011721898581292741,0.0011730353068922887,0.0011730353068922887,0.0007969400590224844,0.0007975769787441845,0.0007975769787441845
194,194.0,1.632079362856912e-14,1.993008627571196e-18,1.504701939414111e-23,8.326260774042707e-18,1.032745882560619e-21,-1.231621891963965e-25,1.867251018005465e-17,2.403004986318207e-21,6.197166752147717e-24,0.0010930118775628259,0.0010938002187461564,0.0010938002187461564,0.0007455830936658445,0.0007461789685640199,0.0007461789685640199
195,195.0,1.91077318587269e-14,2.235554167088821e-18,-9.817808134236142e-24,9.266455484619439e-18,1.096398214092016e-21,-4.248225755319848e-26,2.051263371454754e-17,2.338484710976415e-21,4.120169459196252e-24,0.0010188147901028202,0.001019549616204633,0.001019549616204633,0.0006973793474024283,0.0006979366975504582,0.0006979366975504582
196,196.0,1.429938329042809e-14,1.89263014026283e-18,4.760064679455344e-23,6.426323729792203e-18,8.571498533452118e-22,1.73269064117715e-25,1.439009989386804e-17,2.116213638344562e-21,2.610545195917677e-24,0.0009493121477896926,0.0009499968447058939,0.0009499968447058939,0.0006521462813688876,0.0006526674809538938,0.0006526674809538938
197,197.0,1.736096242435416e-14,2.065118907482377e-18,1.681070845857416e-23,7.016841552723243e-18,8.69226138145002e-22,7.992142763077872e-27,1.893273050294537e-17,2.127064007076785e-21,9.086993441438009e-24,0.0008842320928597934,0.0008848698504072944,0.0008848698504072944,0.0006097111478159525,0.0006101984329639231,0.0006101984329639231
198,198.0,1.52612412462659e-14,1.952304154707842e-18,2.601595870333173e-23,5.65772187208742e-18,7.379948893381329e-22,7.924115223950972e-25,1.514777971765314e-17,1.893594583141946e-21,5.506684637406409e-24,0.0008233167409175186,0.0008239105629126081,0.0008239105629126081,0.0005699105190865388,0.0005703659953110066,0.0005703659953110066
199,199.0,1.467320241406291e-14,1.857487533023114e-18,2.126304915605493e-24,5.154666210256638e-18,6.504448834114896e-22,2.293853403359772e-26,1.351083984940995e-17,1.560068299768017e-21,-5.529825029479826e-26,0.0007663215819768136,0.0007668742958815284,0.0007668742958815284,0.0005325898354718996,0.0005330154847612643,0.0005330154847612643
200,200.0,1.549135706297773e-14,1.825912773966111e-18,-7.9984112116115e-23,5.202798764136244e-18,5.845703878125328e-22,-2.413165717664702e-25,1.25067454529076e-17,1.443488645150155e-21,1.99572759648086e-23,0.0007130148993973526,0.0007135291655467531,0.0007135291655467531,0.000497602971457692,0.000498000659015884,0.000498000659015884
201,201.0,1.56270422122626e-14,1.92502341452251e-18,-2.064931216668293e-23,4.765478088549304e-18,5.874183175122443e-22,9.400235489341144e-26,1.235753095652039e-17,1.396981202791066e-21,9.274455182134707e-24,0.0006631772066954001,0.0006636555271186419,0.0006636555271186419,0.00046481181986380725,0.00046518330051859285,0.00046518330051859285
202,202.0,1.714770762005726e-14,1.780148066722772e-18,-4.525975464453415e-24,4.51790875737753e-18,5.016380720436206e-22,2.917888166245859e-25,1.277026022760645e-17,1.31948398134939e-21,-7.566243994195448e-24,0.0006166007021672138,0.0006170454290152631,0.0006170454290152631,0.00043408589337602557,0.00043443281766885407,0.00043443281766885407
203,203.0,1.714609349085608e-14,2.133094119031883e-18,-6.465992991616107e-24,4.564868973679469e-18,5.450439993462503e-22,2.940405274209748e-25,1.26860863108357e-17,1.456172860655789e-21,1.676544088533905e-23,0.0005730887412238249,0.0005735020848165928,0.0005735020848165928,0.0004053019429636156,0.00040562586293450224,0.00040562586293450224
204,204.0,1.637504732927515e-14,1.770224274911217e-18,-1.607776459380342e-23,3.835314670169105e-18,4.163070858483291e-22,1.988154791508062e-25,1.186505802766791e-17,1.119184374711173e-21,7.82562933489152e-24,0.0005324553262999703,0.0005328393628055405,0.0005328393628055405,0.00037834359267493604,0.00037864596735547246,0.00037864596735547246
205,205.0,1.630955664913977e-14,1.777322127759838e-18,1.878432493537495e-23,3.417096726003299e-18,3.861977587727272e-22,1.015179819900825e-25,1.050716284577466e-17,1.080553079893578e-21,2.8972428781403e-25,0.000494524614166817,0.0004948812929253201,0.0004948812929253201,0.0003531009903026754,0.0003533831909298486,0.0003533831909298486
206,206.0,1.702889193839232e-14,1.91697498111672e-18,8.309266522350486e-23,3.476235169538531e-18,3.795524603577813e-22,-4.373052474772568e-25,1.1073580832801e-17,1.039527598750296e-21,1.128869213997998e-23,0.000459130440447775,0.00045946159095231734,0.00045946159095231734,0.0003294704734115003,0.0003297337883745994,0.0003297337883745994
207,207.0,1.761878347114068e-14,1.976104305706407e-18,3.145398164825812e-25,3.07358744284783e-18,3.699188909960503e-22,3.205435745159449e-25,9.074723984507151e-18,9.907409111847556e-22,8.019312218323452e-24,0.00042611586110904303,0.00042642319965593213,0.00042642319965593213,0.0003073542502233452,0.0003075998897558286,0.0003075998897558286
208,208.0,1.867162138464646e-14,2.298047363282229e-18,-7.041442990992163e-23,3.102172689124269e-18,3.91454601984505e-22,1.182893019711722e-25,8.976529228155844e-18,1.019739661151832e-21,-3.269370772995689e-25,0.0003953327106714889,0.0003956178466918174,0.0003956178466918174,0.0002866600948593793,0.0002868891954871785,0.0002868891954871785
209,209.0,1.446722034932391e-14,2.06714434619351e-18,9.219978497391864e-25,2.344194456126149e-18,3.177504723790008e-22,1.905630811724667e-25,7.868413211042693e-18,8.863299563844907e-22,6.507577236817971e-24,0.00036664117686789654,0.0003669056189523451,0.0003669056189523451,0.00026730105644257816,0.0002675146851999133,0.0002675146851999133
210,210.0,1.523120923709136e-14,1.83908823665517e-18,7.82808236824984e-23,2.067806208078208e-18,2.658026137861241e-22,1.460362840383846e-25,6.989116461991087e-18,7.338329658841173e-22,6.783106102147196e-24,0.00033990939144943846,0.0003401545530779451,0.0003401545530779451,0.0002491951815707751,0.00024939433999416987,0.00024939433999416987
211,211.0,1.846065476027115e-14,1.687348064832899e-18,-1.925141706525048e-24,2.502698728683448e-18,2.132613154953805e-22,1.135016333368129e-25,8.476379948651025e-18,6.478595106376962e-22,-1.578778560768786e-24,0.000315013036827315,0.00031524024181503273,0.00031524024181503273,0.00023226524967693275,0.00023245087758772735,0.00023245087758772735
212,212.0,1.496365618435278e-14,1.995116256274332e-18,-1.653212141096751e-22,1.77329754708378e-18,2.434084090252786e-22,-2.084860451657193e-25,5.673749281015671e-18,6.876339426397229e-22,1.712221685372566e-23,0.00029183496821976905,0.0002920454558904946,0.0002920454558904946,0.00021643852080105205,0.0002166114998863334,0.0002166114998863334
213,213.0,1.511814775662514e-14,2.022666033132777e-18,2.140862392130275e-23,1.725891310157626e-18,2.184023611403349e-22,1.178854153481626e-25,5.226759961599119e-18,6.343339938609605e-22,9.293468712176789e-24,0.0002702648509609886,0.0002704597810589984,0.0002704597810589984,0.00020164649530653322,0.00020180765250802962,0.00020180765250802962
214,214.0,1.427938173249262e-14,1.933105728416224e-18,1.249756769727662e-22,1.474290815169041e-18,2.008532896323241e-22,4.818607192496992e-25,5.641316390507357e-18,6.201281317387723e-22,2.457238337594872e-24,0.00025019881261669386,0.00025037926996766607,0.00025037926996766607,0.00018782468508286696,0.00018797479580298575,0.00018797479580298575
215,215.0,1.465793050153984e-14,2.145746421412153e-18,5.845798149785937e-24,1.352388624281285e-18,1.97511893303499e-22,5.74863005858174e-26,4.856915152327865e-18,5.843099730824027e-22,5.45848082786428e-24,0.0002315391095412963,0.00023170610847273525,0.00023170610847273525,0.00017491239578608004,0.0001750521869199109,0.0001750521869199109
216,216.0,1.358549432010508e-14,1.84606830094689e-18,-4.448208361506219e-23,1.232146817036799e-18,1.613114538111728e-22,2.704387259325886e-25,4.571312587684408e-18,4.604768488658319e-22,3.33094668339501e-24,0.00021419380750338596,0.0002143482960346962,0.0002143482960346962,0.00016285251967844473,0.00016298267248019874,0.00016298267248019874
217,217.0,1.439030204296984e-14,2.346372571840209e-18,-1.285683277722437e-23,1.133881922795773e-18,1.865957883299434e-22,-5.995848844152725e-26,3.876840610427819e-18,5.788595315442512e-22,5.559008354748933e-24,0.00019807647599978407,0.00019821933981186617,0.00019821933981186617,0.00015159133863938806,0.00015171249143140203,0.00015171249143140203
218,218.0,1.442876671948242e-14,1.953424743124631e-18,8.969935118117318e-23,9.927276385901844e-19,1.435544173885395e-22,1.427594627717872e-25,4.024656583304149e-18,4.551972125425342e-22,2.930536652612094e-24,0.00018310589587343154,0.00018323796206739598,0.00018323796206739598,0.00014107833693031697,0.00014119108766241822,0.00014119108766241822
219,219.0,1.434804573443941e-14,2.417917160758851e-18,-6.445051848852992e-23,8.78439559218064e-19,1.605328746277901e-22,1.245104113948236e-25,3.601113543434697e-18,4.922117097270094e-22,1.858667022926808e-24,0.00016920577984684318,0.00016932782050115724,0.00016932782050115724,0.00013126602330711058,0.0001313709319738126,0.0001313709319738126
220,220.0,1.397618862690874e-14,2.22108070029689e-18,-2.946361181690318e-23,8.731437257290952e-19,1.311204337339598e-22,4.726313044334788e-25,3.441769136216626e-18,4.311657367612052e-22,-4.085238161250199e-24,0.00015630450558066155,0.00015641724111576307,0.00015641724111576307,0.00012210976208526256,0.00012220735300794706,0.00012220735300794706
221,221.0,1.479629540316476e-14,2.235231152941842e-18,9.453330963816444e-24,8.43758547367413e-19,1.180747830873118e-22,1.619795090817044e-25,3.902091296864789e-18,4.19619755483331e-22,4.519379626949183e-24,0.00014433486086591317,0.00014443896322504268,0.00014443896322504268,0.00011356761277404057,0.00011365837675497401,0.00011365837675497401
222,222.0,1.542587472464061e-14,2.356482391333129e-18,-6.538582944960245e-23,7.635136611482247e-19,1.195474936528892e-22,1.175464181186109e-25,3.364257722627337e-18,3.564398589305001e-22,5.632253708388906e-24,0.00013323380055875654,0.0001333298962134774,0.0001333298962134774,0.00010560017790752688,0.0001056845742622626,0.0001056845742622626
223,223.0,1.405423518585551e-14,2.336976220685344e-18,1.748877300443576e-24,6.679600555733196e-19,1.082290565965877e-22,1.516771991773329e-25,2.843036744839734e-18,3.362472033943062e-22,-6.154465038992634e-24,0.00012294221486781477,0.00012303088765640906,0.00012303088765640906,9.81704587119148e-05,9.824891718634343e-05,9.824891718634343e-05
224,224.0,1.389004255107464e-14,2.349196844007686e-18,-1.006359149273212e-24,6.150191481577294e-19,9.951672249267548e-23,-1.715821907935674e-25,2.838652071008475e-18,3.58067509387454e-22,2.494595740898255e-24,0.00011340470860642621,0.00011348650241307488,0.00011348650241307488,9.124371826000897e-05,9.131664083804115e-05,9.131664083804115e-05
225,225.0,1.421080774649473e-14,2.27568188674184e-18,7.735331784577029e-23,5.53363913933939e-19,8.837747793249621e-23,2.694743411831475e-25,2.372712159564692e-18,2.959393105079021e-22,-2.94672156159608e-24,0.00010456939102532534,0.00010464481230770414,0.00010464481230770414,8.478735177538047e-05,8.485511438297573e-05,8.485511438297573e-05
226,226.0,1.198720306492267e-14,2.79410075447033e-18,7.68535325452869e-23,3.94794259305282e-19,1.023732347799594e-22,4.006405160657794e-25,1.888065215339375e-18,3.221227547180718e-22,3.678983090925694e-25,9.638767584524291e-05,9.645719601789075e-05,9.645719601789075e-05,7.877076376008615e-05,7.88337178710813e-05,7.88337178710813e-05
227,227.0,1.395616470392607e-14,2.83836440727809e-18,-2.572937751410668e-24,4.622858773841094e-19,8.966051276263446e-23,9.164203425005898e-26,1.826665026486085e-18,3.062021680067724e-22,1.524145727848057e-24,8.881409111364324e-05,8.887814879418837e-05,8.887814879418837e-05,7.316525163123081e-05,7.322372578017026e-05,7.322372578017026e-05
228,228.0,1.29076278572955e-14,2.868609938367804e-18,-7.750392745412849e-23,4.046869887906325e-19,8.863584120572108e-23,-1.397308217654201e-25,1.802908251718986e-18,2.832934826395671e-22,-2.280637630323211e-24,8.180609851522912e-05,8.186510164029208e-05,8.186510164029208e-05,6.79438955628967e-05,6.799819676982338e-05,6.799819676982338e-05
229,229.0,1.217250894856759e-14,3.127785319684107e-18,6.568289867472685e-23,3.451549538423486e-19,8.408252456516315e-23,2.404150902361637e-25,1.704773634236374e-18,3.077151680187189e-22,-2.241739013126279e-24,7.53239217718461e-05,7.537824958917514e-05,7.537824958917514e-05,6.30814542410488e-05,6.3131869352982e-05,6.3131869352982e-05
230,230.0,1.323644314360493e-14,3.094008404083191e-18,2.517395457629438e-24,3.274735599030686e-19,7.371385025574159e-23,-1.91218371217933e-25,1.441154454072823e-18,2.756849162502608e-22,1.820953372136915e-25,6.933038377396957e-05,6.938038871710614e-05,6.938038871710614e-05,5.855426624997416e-05,5.860106320357446e-05,5.860106320357446e-05
231,231.0,1.098908212580838e-14,3.134031958486455e-18,-1.097602298468862e-22,2.522589433101101e-19,7.015864337296532e-23,2.80887192256795e-25,1.066980598646412e-18,2.474248738548433e-22,-5.481470085537641e-24,6.379075209298092e-05,6.383676154450003e-05,6.383676154450003e-05,5.43401568195393e-05,5.4383585829245626e-05,5.4383585829245626e-05
232,232.0,1.271591826816974e-14,3.145196422434729e-18,-2.909734623645451e-23,2.786668335765392e-19,6.225261995131477e-23,3.676854721222869e-25,1.819211830099558e-18,2.094019541321506e-22,-5.687984143771511e-24,5.867259253087838e-05,5.871491048000077e-05,5.871491048000077e-05,5.041834967309949e-05,5.04586443488142e-05,5.04586443488142e-05
233,233.0,1.190492755642177e-14,2.917648233424963e-18,2.155547240440936e-23,2.492381367690092e-19,5.380950438693078e-23,1.060726383452647e-25,1.033287168840273e-18,1.851944514944383e-22,2.427447879484047e-24,5.3945630371871095e-05,5.398453897200242e-05,5.398453897200242e-05,4.676938372620986e-05,4.6806762124409e-05,4.6806762124409e-05
234,234.0,1.086881012082569e-14,2.912122085381883e-18,3.845572831557827e-23,1.990994000058531e-19,4.739365263086754e-23,-1.027532004990685e-25,9.995060043294922e-19,1.909465653453989e-22,-2.145483690496171e-24,4.958161900841085e-05,4.961738003992653e-05,4.961738003992653e-05,4.337503439637761e-05,4.340970000833136e-05,4.340970000833136e-05
235,235.0,1.141661153383799e-14,3.028680456308113e-18,6.216806123091436e-23,1.653095991997097e-19,5.080359209303096e-23,5.550109918756709e-26,5.761039856373011e-19,1.568827978208728e-22,-3.70600845102033e-24,4.5554215622583934e-05,4.558707186594854e-05,4.558707186594854e-05,4.02182392939447e-05,4.025038197454955e-05,4.025038197454955e-05
236,236.0,1.312432721264818e-14,3.306564400166081e-18,-2.264865034935187e-23,1.826399459928597e-19,4.792033410233218e-23,4.360097868603388e-25,1.322794159164284e-18,1.895172576138408e-22,-9.78390709236588e-25,4.1838863612363915e-05,4.186904013644975e-05,4.186904013644975e-05,3.72830280737862e-05,3.731282491433406e-05,3.731282491433406e-05
237,237.0,1.2173978156111e-14,3.648955782182607e-18,-1.667494894970543e-23,1.71688958288913e-19,4.957339899337581e-23,9.855978942903388e-26,8.858123678696098e-19,1.815575205502014e-22,-5.103001289366643e-24,3.841268146096839e-05,3.844038683122051e-05,3.844038683122051e-05,3.455445623684726e-05,3.4582072384888396e-05,3.4582072384888396e-05
238,238.0,1.227412124755884e-14,3.708668816965369e-18,9.958096272216977e-23,1.531066149533291e-19,4.353839383280578e-23,4.280153788454792e-25,4.678264396255784e-19,1.810201982014585e-22,-2.519412450549832e-24,3.525435775643879e-05,3.527978516732223e-05,3.527978516732223e-05,3.20185426796272e-05,3.204413210892225e-05,3.204413210892225e-05
239,239.0,1.100242765808358e-14,3.902009260359902e-18,7.992976153009739e-23,1.263746909607092e-19,4.050664845354312e-23,5.619102480966169e-26,5.160105979098114e-19,1.569897127078778e-22,-1.192123626642892e-24,3.2344052077519984e-05,3.236738041348039e-05,3.236738041348039e-05,2.966221079852115e-05,2.9685917031923425e-05,2.9685917031923425e-05
240,240.0,1.07445219395428e-14,3.927831766643415e-18,2.037198487576998e-23,1.327337791089329e-19,3.664736977031449e-23,4.572472801925366e-26,7.227904362629876e-19,1.558645621924286e-22,-3.349139428744186e-24,2.9663301470933033e-05,2.968469629990345e-05,2.968469629990345e-05,2.7473232964480097e-05,2.7495189752441546e-05,2.7495189752441546e-05
241,241.0,9.548278594141498e-15,3.551952829752425e-18,3.050083069866303e-23,6.363394222270463e-20,2.955429912540655e-23,1.914521674662321e-25,3.788375960257015e-19,1.149953987776814e-22,-4.844231380956432e-24,2.7194932254170878e-05,2.7214546757465807e-05,2.7214546757465807e-05,2.5440178191715195e-05,2.5460510148968974e-05,2.5460510148968974e-05
242,242.0,1.077045320264097e-14,3.777016844597818e-18,8.478944228462399e-23,7.482884253726686e-20,2.820212786711287e-23,3.193116042323135e-25,4.656239532359949e-19,1.05918626306857e-22,4.074017356369371e-24,2.4922976886974172e-05,2.4940952729226686e-05,2.4940952729226686e-05,2.355236283217953e-05,2.3571186035017207e-05,2.3571186035017207e-05
243,243.0,1.226165293381538e-14,4.049888527509338e-18,6.505289728391451e-23,9.767693800934362e-20,2.81812053006292e-23,1.571381408676948e-25,6.272522868952159e-19,1.043645020157812e-22,-6.714189108572705e-24,2.2832595663636106e-05,2.2849063806255118e-05,2.2849063806255118e-05,2.1799804135282853e-05,2.181722668171626e-05,2.181722668171626e-05
244,244.0,1.208209094278726e-14,4.58877866247516e-18,1.526126872151623e-22,7.398553112219118e-20,3.070821982993126e-23,2.8240568265895e-25,2.845036463606911e-19,1.25493435655103e-22,-4.214746053779983e-24,2.0910002987219248e-05,2.092508444867157e-05,2.092508444867157e-05,2.0173176519765752e-05,2.0189299054741016e-05,2.0189299054741016e-05
245,245.0,1.048270844727811e-14,3.921105106116683e-18,1.149806281845501e-22,5.692386573300111e-20,2.179417223091176e-23,1.237983520004967e-25,3.7112876524438e-19,8.712416221165284e-23,2.33610998100104e-24,1.9142397995611928e-05,1.9156204561668004e-05,1.9156204561668004e-05,1.8663770411845458e-05,1.867868661956021e-05,1.867868661956021e-05
246,246.0,9.615124060200741e-15,4.887150824414429e-18,-7.883188574823521e-24,4.785312790435196e-20,2.728639901936862e-23,-2.748416697643007e-25,1.604796941175067e-19,9.888765149387737e-23,-8.459290047429491e-24,1.7517899318098498e-05,1.7530534205020937e-05,1.7530534205020937e-05,1.7263453510683784e-05,1.7277250575947508e-05,1.7277250575947508e-05
247,247.0,1.085330209850141e-14,4.17937524923047e-18,-3.812624549780827e-23,4.560612141673056e-20,1.996372681535877e-23,2.816189612216554e-25,1.598767198176583e-19,8.490368822056762e-23,-2.419201841410164e-24,1.6025483749738885e-05,1.6037042223239542e-05,1.6037042223239542e-05,1.596463434889497e-05,1.5977393389366614e-05,1.5977393389366614e-05
248,248.0,1.093114962092313e-14,4.595417400906033e-18,-9.694002205102397e-23,3.324385153402111e-20,2.083339892260718e-23,2.297524656456279e-25,2.17982174501298e-19,8.48506491437403e-23,2.329970079659972e-25,1.4654928639335079e-05,1.4665498591979069e-05,1.4665498591979069e-05,1.4760228022228656e-05,1.4772024493265235e-05,1.4772024493265235e-05
249,249.0,1.127763637167454e-14,5.150660901161202e-18,-5.044387009153717e-23,5.783835414021978e-20,1.997370103833491e-23,1.161486122727605e-25,2.603483542514738e-19,7.905666307688268e-23,-1.967293554866668e-24,1.3396757795092334e-05,1.3406420284686248e-05,1.3406420284686248e-05,1.3643623968725804e-05,1.365452804247986e-05,1.365452804247986e-05
250,250.0,1.125383429075704e-14,4.284030199048322e-18,3.120473901257386e-22,2.673117052602993e-20,1.687953801516906e-23,2.336700169098242e-25,2.824628192568174e-19,6.602919436154343e-23,-1.77318400805595e-24,1.2242190720245851e-05,1.2251020471611844e-05,1.2251020471611844e-05,1.2608655683564372e-05,1.261873260387735e-05,1.261873260387735e-05
