,wl_TT,wl_TT_mkb,wl_EE_mkb,wl_BB_mkb,TT_in,EE_in,BB_in,TT_out,EE_out,BB_out
0,1.0004945056625623,1.0,1.0004945056625623,1.0004945056625623,5.472446395870157e-10,0.0,0.0,6.147682263620769e-07,0.0,0.0
1,1.0002472222718553,0.9997528337531056,1.0002472171905592,1.0002472171905592,3.3933291427337647e-09,0.0,0.0,7.16639777327375e-07,0.0,0.0
2,0.9997528388318903,0.9992586845176842,0.9997528235955425,0.9997528235955425,235.78696350839692,2.0943951022739096e-40,2.0943951022739096e-40,235.72771004748301,1.0479947026824056e-30,2.227511400178599e-30
3,0.9990117217990282,0.9985179185840255,0.9990116913489351,0.9990116913489351,96.81114928826346,5.955623662115185e-77,5.682004526486488e-77,96.73958793469326,5.604431528390022e-30,8.803177972037423e-31
4,0.9980244202918587,0.9975310848218639,0.9980243695918902,0.9980243695918902,24.886991669606502,1.3962634011771593e-41,1.3962634011771593e-41,24.841345133051664,1.6222306348861854e-30,1.6129591339487583e-30
5,0.9967916654131571,0.9962989140026168,0.9967915894571957,0.9967915894571957,60.726720552379064,1.7079085305305533e-61,1.7079085305678305e-61,60.53353206396878,4.161786893430468e-31,2.5357685727964597e-30
6,0.9953143693476468,0.9948223178975513,0.9953142631669949,0.9953142631669949,26.558922990013553,2.991993003808092e-42,2.991993003808092e-42,26.42842221115271,1.1324318968717264e-30,4.310954926128048e-31
7,0.9935936242371349,0.9931023881533928,0.9935934829078387,0.9935934829078387,46.83234937379837,8.6848781690906e-61,8.684878168517016e-61,46.53332376899115,5.057970771158083e-31,1.4827525814672767e-30
8,0.9916307008349535,0.9911403949473594,0.991630519485055,0.991630519485055,12.32349300326395,9.973310019332263e-43,9.973310019332263e-43,12.218869121611613,7.418569354879546e-31,4.186916719413486e-31
9,0.989427046942034,0.9889377854239053,0.9894268207587192,0.9894268207587192,12.97694118072746,2.5860690373327354e-60,2.586069037199291e-60,12.84477399228769,4.4381651433773e-31,3.6865176143931327e-31
10,0.9869842856273067,0.9864961819158973,0.9869840098639506,0.9869840098639506,20.00293614786246,4.2311012157425515e-43,4.2311012157425515e-43,19.738938141947767,2.6079143140603645e-31,6.119092562178302e-31
11,0.9843042132354863,0.9838173799532594,0.9843038832185733,0.9843038832185733,9.966764966572633,5.965077593596548e-60,5.965077593716244e-60,9.813812561452927,2.9300707244002055e-31,3.0051493023482383e-31
12,0.9813887971856697,0.9809033460625256,0.9813884083215796,0.9813884083215796,17.02311421643616,2.09230279726228e-43,2.09230279726228e-43,16.70358806297025,2.1421491809551e-31,4.477039952114162e-31
13,0.9782401735645185,0.9777562153610624,0.9782397213461639,0.9782397213461639,7.470507419198237,1.1797184314544377e-59,1.1797184314544963e-59,7.303607583005569,3.951018379479565e-31,1.5859449522992942e-31
14,0.9748606445181519,0.9743782889500977,0.9748601245314613,0.9748601245314613,9.953055596954808,1.1507665411250025e-43,1.1507665411250025e-43,9.700248517664198,2.8199043929270267e-31,3.27911212403172e-31
15,0.9712526754472052,0.9707720311109894,0.971252083377431,0.971252083377431,13.504580087407096,2.103645228059638e-59,2.103645228007478e-59,13.109060661690085,2.6770175745859206e-31,1.612005266449424e-31
16,0.9674188920098358,0.9669400663095371,0.9674182236476854,0.9674182236476854,10.035155226017324,6.844428454485641e-44,6.844428454485641e-44,9.706546345428317,2.6497534909703486e-31,1.9313950097130016e-31
17,0.9633620769377838,0.9628851760134199,0.9633613281853558,0.9633613281853558,7.332520738477732,3.4787027161704136e-59,3.4787027161407346e-59,7.064724179351166,1.8205597346623652e-31,2.3228064576070895e-31
18,0.9590851666708804,0.958610295328168,0.9590843335473983,0.9590843335473983,6.605549405871608,4.3227969051982303e-44,4.3227969051982303e-44,6.336510915816059,2.195366415781335e-31,1.7195627257902046e-31
19,0.95459124781571,0.9541185094573629,0.9545903264630451,0.9545903264630451,5.634952468718254,5.428188006900683e-59,5.428188007001096e-59,5.379546852430457,1.7980359899847104e-31,1.7418115848355905e-31
20,0.9498835534343986,0.9494130499930368,0.949882540122369,0.949882540122369,6.877875340864573,2.8631511970931547e-44,2.8631511970931547e-44,6.530687568433694,1.2662945643969042e-31,1.5912441446441763e-31
21,0.9449654591697753,0.9444972910425218,0.944964350301217,0.944964350301217,9.107312123897305,8.091195505536913e-59,8.091195505690932e-59,8.605986980525635,1.0903260322589946e-31,2.167976230754448e-31
22,0.9398404792134027,0.9393747451982326,0.939839271329001,0.939839271329001,3.8540735456302446,1.9710098924096805e-44,1.9710098924096805e-44,3.62182657018932,1.728876963002031e-31,1.5209106202758274e-31
23,0.9345122621232201,0.9340490593571289,0.9345109519060919,0.9345109519060919,4.4108834642455585,1.1625399548252765e-58,1.1625399548338555e-58,4.1210327416877774,1.1388523709649212e-31,1.2480306712263835e-31
24,0.9289845864977553,0.9285240103968139,0.9289831707777801,0.9289831707777801,4.0431891266402955,1.4009331850706104e-44,1.4009331850706104e-44,3.7580519146634686,8.40854168511227e-32,6.175590641863245e-32
25,0.9232613565140874,0.92280350071544,0.923259832271976,0.923259832271976,4.130624914018628,1.6201888894541878e-58,1.6201888894443496e-58,3.814578455591149,1.131182828532331e-31,1.112910317816235e-31
26,0.9173465973369254,0.916891553642791,0.9173449617080229,0.9173449617080229,4.789770578345234,1.0229035903202855e-44,1.0229035903202855e-44,4.393272419356596,9.800760818610213e-32,7.401211111102898e-32
27,0.9112444504063543,0.9107923087300837,0.9112427006841687,0.9112427006841687,3.4745481105474956,2.200225361263605e-58,2.200225361251193e-58,3.1655503591706236,9.873869146471488e-32,7.557772010521269e-32
28,0.9049591686119597,0.9045100169262014,0.9049573022514157,0.9049573022514157,2.3853167814796326,7.642383172527853e-45,7.642383172527853e-45,2.1590040137750046,7.941299907494164e-32,7.468804963828024e-32
29,0.8984951113611923,0.8980490356482131,0.8984931259815997,0.8984931259815997,2.8122381848926854,2.9226378715356926e-58,2.9226378715339777e-58,2.527974632310893,5.308141923802612e-32,5.419667990340394e-32
30,0.8918567395499658,0.891413823754174,0.8918546329377066,0.8918546329377066,2.5498419181575867,5.824235610629368e-45,5.824235610629368e-45,2.2737011464673573,7.34166708707317e-32,5.640137707788841e-32
31,0.8850486104435895,0.884608936426297,0.8850463805545131,0.8850463805545131,2.7680276616506423,3.809462132304324e-58,3.8094621323098784e-58,2.449658291500441,5.734907619011344e-32,7.693661788390705e-32
32,0.8780753724762443,0.87763901997271,0.878073017437772,0.878073017437772,2.6771773355096533,4.516118508978817e-45,4.516118508978817e-45,2.3470546682441835,6.399889092985869e-32,6.72420140435564e-32
33,0.8709417599772825,0.8705088065560664,0.8709392780902188,0.8709392780902188,3.23119581592209,4.883715525281619e-58,4.883715525294193e-58,2.813064901503412,6.196383213112831e-32,5.98693481787873e-32
34,0.8636525878327004,0.8632231088573681,0.8636499775727525,0.8636499775727525,2.278071151438326,3.555547252423507e-45,3.555547252423507e-45,1.9686414659553413,5.007560559360918e-32,5.881464794815426e-32
35,0.8562127460901819,0.8557868146833733,0.8562100061091802,0.8562100061091802,1.9012623492058043,6.1693512875600844e-58,6.1693512875793475e-58,1.628741329540642,6.257544699656896e-32,4.5641053966795114e-32
36,0.8486271945161348,0.8482048815260321,0.8486243236429596,0.8486243236429596,3.024816059242765,2.83735708049724e-45,2.83735708049724e-45,2.566211169650395,4.627800779948537e-32,5.823796875751164e-32
37,0.8409009571131583,0.8404823310823705,0.8408979543543741,0.8408979543543741,2.0930471168579623,7.692595725740047e-58,7.692595725757554e-58,1.7592552412129285,5.604687848747815e-32,3.463315056259682e-32
38,0.8330391166063802,0.8326242437432553,0.8330359811465728,0.8330359811465728,2.637411817993589,2.2917115101984884e-45,2.2917115101984884e-45,2.1957660229551954,4.444598390686935e-32,5.323724723306087e-32
39,0.8250468089070758,0.824635753059462,0.825043540108901,0.825043540108901,2.4194388408103036,9.481705379238485e-58,9.481705379246828e-58,1.9937252265587524,4.658559574187023e-32,6.143712927868907e-32
40,0.8169292175619457,0.8165220401934046,0.8169258149658869,0.8169258149658869,2.266211636718934,1.8711651348258934e-45,1.8711651348258934e-45,1.8512526796758428,4.077565222415824e-32,4.605325446825461e-32
41,0.8086915681963837,0.8082883283648642,0.8086880315202236,0.8086880315202236,1.7114245365895127,1.1565398967309431e-57,1.1565398967284518e-57,1.3834932032381722,5.122715286210667e-32,3.4064250038599e-32
42,0.8003391229599848,0.7999398772989588,0.8003354520979924,0.8003354520979924,1.991803365583029,1.5428211445349606e-45,1.5428211445349606e-45,1.5938512960416904,4.963679455088236e-32,4.732048805930962e-32
43,0.7918771749824753,0.7914819776845369,0.7918733700043179,0.7918733700043179,1.9008819117982583,1.397349395711285e-57,1.3973493957083043e-57,1.5060324685581783,3.948344935408499e-32,3.795654857735091e-32
44,0.7833110428481287,0.782919945651049,0.7833071039975065,0.7833071039975065,1.6587168104032852,1.2834483365740099e-45,1.2834483365740099e-45,1.3003365728302316,3.716567227611087e-32,3.631465041720899e-32
45,0.7746460650966369,0.7742591172718676,0.774641992789649,0.774641992789649,1.3435998863149312,1.6738616022771e-57,1.673861602276683e-57,1.040491371785668,3.9926806418566763e-32,3.62732725396967e-32
46,0.7658875947582631,0.7655048431018757,0.7658833895815084,0.7658833895815084,1.926069110839685,1.0763671424835282e-45,1.0763671424835282e-45,1.4753957764200658,2.529101437101592e-32,4.1843699976003903e-32
47,0.7570409939309614,0.7566624827570143,0.7570366566393861,0.7570366566393861,1.4099786599265869,1.989506599276125e-57,1.989506599277862e-57,1.0676844804926224,2.6584316701474126e-32,2.701187372032655e-32
48,0.7481116284070031,0.7477373995433086,0.7481071599214923,0.7481071599214923,1.586859572080523,9.094203933413605e-46,9.094203933413608e-46,1.1866860470223364,2.736047603555421e-32,3.231765231934304e-32
49,0.7391048623564661,0.7387349551427443,0.7391002637611951,0.7391002637611951,1.6658515940753214,2.3477083713537795e-57,2.3477083713554795e-57,1.2303753573376033,3.926251648204159e-32,2.858644400830412e-32
50,0.7300260530747705,0.7296605043631597,0.7300213256143152,0.7300213256143152,1.7560301972300667,7.736245929079435e-46,7.736245929079435e-46,1.2821252757824133,2.947590586912093e-32,3.751757892159816e-32
51,0.7208805458012457,0.7205193899591493,0.7208756908774699,0.7208756908774699,1.2501864070695536,2.752054177282568e-57,2.7520541772810746e-57,0.9013376895747364,2.1935851351419594e-32,2.7515947117116375e-32
52,0.7116736686155133,0.7113169375307444,0.7116686877842298,0.7116686877842298,1.1980386567085737,6.622572675396814e-46,6.6225726753968116e-46,0.8529807651294445,2.812541335770017e-32,2.4812832177769113e-32
53,0.7024107274182467,0.7020584505064451,0.7024056223856703,0.7024056223856703,1.6889856867773785,3.2064548621801076e-57,3.2064548621802146e-57,1.1859306019976363,2.1665028758251222e-32,3.0034666604392573e-32
54,0.6930970010026513,0.69274920521693,0.6930917736216452,0.6930917736216452,1.4521939821092462,5.702293121859892e-46,5.702293121859892e-46,1.0065280839935502,2.9841303935628214e-32,2.516644738670292e-32
55,0.6837377362227606,0.68339444606555,0.683732388488893,0.683732388488893,1.6681040394500155,3.714915357949623e-57,3.7149153579530787e-57,1.139898156367053,3.356421217017393e-32,3.057105894076471e-32
56,0.6743381432644157,0.6739993808014583,0.6743326773118281,0.6743326773118281,1.489311350227644,4.93646786533882e-46,4.93646786533882e-46,1.003314459093444,2.927189332150493e-32,2.9480021548166763e-32
57,0.6649033910245208,0.6645691759009758,0.6648978091216231,0.6648978091216231,1.598030368959876,4.281404569707132e-57,4.2814045697092795e-57,1.0619461910602324,2.609415875994072e-32,2.5517876889433284e-32
58,0.6554386026039275,0.6551089520625393,0.6554329071489295,0.6554329071489295,1.3431090098784308,4.295006020247725e-46,4.295006020247725e-46,0.88074723098909,2.1227678720832012e-32,2.2468860074741448e-32
59,0.6459488509190172,0.6456237798202962,0.6459430444353021,0.6459430444353021,1.0946491110956853,4.9101428878188586e-57,4.910142887814619e-57,0.7071837003193185,1.952389492002556e-32,1.993958728134854e-32
60,0.6364391544367843,0.6361186752811555,0.6364332395681436,0.6364332395681436,1.4454471686379948,3.754439537568928e-46,3.754439537568928e-46,0.9194605572601999,2.108154344811653e-32,2.8477021795905855e-32
61,0.6269144730379422,0.6265985959897997,0.6269084525436703,0.6269084525436703,1.3623017617006599,5.605682488523027e-57,5.605682488516546e-57,0.8534041089091075,2.5219004282576916e-32,2.4439037574665525e-32
62,0.6173797040122848,0.6170684369259075,0.6173735807621558,0.6173735807621558,1.2803287690910359,3.2963085190590526e-46,3.2963085190590526e-46,0.7906264628847303,1.9379838361166882e-32,1.762325875736445e-32
63,0.6078396781902541,0.6075330266375196,0.6078334551593854,0.6078334551593854,1.0987259711655728,6.372567647415066e-57,6.372567647415954e-57,0.6676784844727768,2.3246909026923085e-32,1.9947791763007826e-32
64,0.5982991562143691,0.5979971235142073,0.5982928364779808,0.5982928364779808,1.215803065574089,2.9059764044522734e-46,2.905976404452274e-46,0.7264721638968621,2.43314527294319e-32,2.2763792774061025e-32
65,0.5887628249538711,0.588465412203402,0.5887564116819586,0.5887564116819586,1.278770992045299,7.215321942855929e-57,7.215321942865852e-57,0.7523273073068917,1.8400104481651859e-32,1.767232923705997e-32
66,0.579235294065651,0.5789425001729421,0.5792287905175755,0.5792287905175755,1.0538291216085296,2.5717509362685327e-46,2.5717509362685327e-46,0.6094885688458495,1.9958665463738818e-32,2.0666169395029997e-32
67,0.5697210927042244,0.5694329144226055,0.5697145022232367,0.5697145022232367,0.9494134110489203,8.138826928962424e-57,8.138826928971083e-57,0.5404582136152403,1.6197844881777102e-32,1.6252521993156167e-32
68,0.5602246663832109,0.5599410983470827,0.5602179923909166,0.5602179923909166,1.1030052733925495,2.2842260587859514e-46,2.2842260587859514e-46,0.6179802045599851,1.9842683520847167e-32,1.7649006546430369e-32
69,0.5507503739904913,0.5504714087525617,0.5507436199812685,0.5507436199812685,1.24250305072559,9.148249772948527e-57,9.148249772948717e-57,0.6838517441118475,1.7856683111583495e-32,2.2475971088069113e-32
70,0.5413024849589001,0.5410281130287843,0.5412956544942824,0.5412956544942824,0.9811970044640974,2.0357851841625573e-46,2.0357851841625565e-46,0.5308673061986957,1.656168490523399e-32,1.8705725666999704e-32
71,0.5318851765940262,0.531615386478141,0.5318782732970597,0.5318782732970597,1.0949767124826626,1.0248642409118503e-56,1.0248642409109895e-56,0.5824727029849536,1.4306218030524373e-32,1.652429287874092e-32
72,0.5225025315603926,0.5222373098030795,0.5224955591099785,0.5224955591099785,1.053008384300816,1.820222608596861e-46,1.820222608596861e-46,0.5497396139415898,1.651234824533707e-32,1.4268180866408924e-32
73,0.5131585355269923,0.5128978667527989,0.5131514976522242,0.5131514976522242,0.9343571584902559,1.1445111357781518e-56,1.1445111357771756e-56,0.4793935657327414,1.852579768656954e-32,1.1290046763559203e-32
74,0.5038570749728708,0.5036009419299237,0.5038499754473796,0.5038499754473796,1.1131765871681722,1.6324523586418413e-46,1.6324523586418413e-46,0.5608763419913905,1.6869006655478887e-32,1.8799018290414843e-32
75,0.49460193515315737,0.4943503187575555,0.4945947777894705,0.4945947777894705,0.9888115485773851,1.2743217073191294e-56,1.2743217073187855e-56,0.4887931565107496,1.3181935284531018e-32,1.1918713368604645e-32
76,0.4853967982256616,0.4851496776068235,0.4853895868695903,0.4853895868695903,0.9088619950874195,1.4682830320672307e-46,1.4682830320672307e-46,0.4409132421594231,1.1177686187780847e-32,1.0775309332152097e-32
77,0.476245241537884,0.47600259408477363,0.4762379800629429,0.4762379800629429,0.8258050304321207,1.4148697315417803e-56,1.4148697315427842e-56,0.39303265186743064,1.468448514117304e-32,1.0030869895818299e-32
78,0.46715073607400404,0.4669125374821733,0.4671434283758796,0.4671434283758796,0.9076757335995788,1.3242425988213086e-46,1.3242425988213086e-46,0.4239066921893853,1.2719780174797478e-32,1.2981296164789324e-32
79,0.4581166450611549,0.45788286938052697,0.4581092950522259,0.4581092950522259,1.0046994174357318,1.5667094727074951e-56,1.566709472708874e-56,0.4603040955915494,1.1956079698932599e-32,1.4164898003115935e-32
80,0.4491462227340269,0.44891684241735336,0.4491388343379482,0.4491388343379482,1.1064086057089197,1.1974407231577413e-46,1.197440723157742e-46,0.4961570375161847,1.3423477947595276e-32,1.135115564474851e-32
81,0.44024261325659114,0.4400175992085137,0.4402351904029494,0.4402351904029494,0.9697007108943542,1.7304141152486875e-56,1.730414115249127e-56,0.42668013339346683,1.290335169111018e-32,1.2200037297365808e-32
82,0.43140884979948857,0.43118817142613874,0.4314013964185388,0.4314013964185388,0.8770549428230799,1.0854598183357333e-46,1.0854598183357333e-46,0.37785555274914795,1.1811738244744325e-32,1.045501231543743e-32
83,0.4226478537713915,0.42243147903045447,0.4226403737888796,0.4226403737888796,1.0050898245795215,1.906607310818671e-56,1.9066073108177034e-56,0.4243134906079081,9.477099632712091e-33,1.293545000920369e-32
84,0.41396243420241396,0.41375032965359726,0.41395493153449797,0.41395493153449797,0.8416187727995549,9.862687098318269e-47,9.862687098318269e-47,0.348097686427225,1.2717387185651167e-32,1.064089292597577e-32
85,0.4053552872774249,0.40514741813325694,0.4053477658256963,0.4053477658256963,0.8566049519445509,2.0959143926347737e-56,2.095914392634016e-56,0.347118727953878,1.1100438836501936e-32,1.0599418236603041e-32
86,0.39682899601690635,0.39662532619380625,0.3968214596635246,0.3968214596635246,0.8122194790472897,8.981537932405036e-47,8.981537932405036e-47,0.3218548115478022,8.821926641543213e-33,9.875579254071686e-33
87,0.38838603010279193,0.3881865222723384,0.38837848270573233,0.38837848270573233,0.7875563722033921,2.2989393543155883e-56,2.2989393543158414e-56,0.30538742007383174,9.5826569660195e-33,9.669071674424742e-33
88,0.38002874584652807,0.37983336148686986,0.38002119123495515,0.38002119123495515,0.7565213814254554,8.196634945567226e-47,8.196634945567226e-47,0.2872889161988596,9.671413841498506e-33,9.103441931898038e-33
89,0.371759386296414,0.3715680857437548,0.37175182826618247,0.37175182826618247,0.8394152834682848,2.516322544327569e-56,2.5163225443279355e-56,0.3117778015555355,1.0253864437748018e-32,1.0907785538209121e-32
90,0.36358008148109777,0.3633928239811951,0.3635725237903883,0.3635725237903883,0.8839533029829538,7.49563326021295e-47,7.49563326021295e-47,0.32119908874130026,9.629642031127427e-33,9.87470468439035e-33
91,0.3554928487859458,0.3553095925455641,0.3554852951510405,0.3554852951510405,0.788939389245074,2.7487522283762955e-56,2.7487522283764304e-56,0.28010962712178383,1.000726649390689e-32,7.094794697396683e-33
92,0.3474995934588387,0.34732029569709494,0.34749204755003993,0.34749204755003993,0.84792024089872,6.867996255854156e-47,6.867996255854156e-47,0.2945465818670011,7.804490209319442e-33,8.90209000337539e-33
93,0.3396021092418073,0.33942672624135517,0.3395945746795065,0.3395945746795065,0.8254844095953445,2.996899975444689e-56,2.9968999754452097e-56,0.2801151219859668,7.709156930299096e-33,8.283859634813222e-33
94,0.3318020791247824,0.3316305662827745,0.33179455947568004,0.33179455947568004,0.6002351093748046,6.304700171029936e-47,6.304700171029936e-47,0.19895669709300798,1.0359429904085482e-32,7.805065415211035e-33
95,0.32410107621761053,0.3239333880963862,0.3240935749910928,0.3240935749910928,0.8677141955916252,3.261422874620426e-56,3.261422874621305e-56,0.28096882253143224,7.665831786235264e-33,1.0845703466054127e-32
96,0.3165005647363647,0.31633665511381054,0.3164930853810404,0.3164930853810404,0.7370667007922956,5.79799005797914e-47,5.79799005797914e-47,0.23275820233414846,8.861908799622975e-33,7.567327999402489e-33
97,0.3090019010998864,0.3088417230194153,0.30899444700028383,0.30899444700028383,0.7783735428801019,3.5430320668835e-56,3.5430320668830475e-56,0.24037697822020057,8.831247210643609e-33,7.58415112214141e-33
98,0.3016063351323883,0.3014498409524903,0.30159890960581975,0.30159890960581975,0.852770693301709,5.341179110517652e-47,5.341179110517652e-47,0.25697233016255727,7.310954869368374e-33,6.933856100745233e-33
99,0.2943150113678714,0.29416215281118396,0.2943076176614606,0.2943076176614606,0.8248021003683258,3.8424747282234064e-56,3.842474728221472e-56,0.24216773000683314,7.952475698765736e-33,6.714251077982233e-33
100,0.2871289704520332,0.28697969865388945,0.28712161173991413,0.28712161173991413,0.6420819747219549,4.928484678184579e-47,4.928484678184578e-47,0.18418526429848953,7.113131379033514e-33,6.179234759688106e-33
101,0.28004915063727925,0.27990341619368403,0.2800418300179623,0.2800418300179623,0.8298656693461937,4.160464988116253e-56,4.160464988114843e-56,0.23226071993726097,7.414507094215968e-33,7.032084806997334e-33
102,0.2730763893663981,0.272934142381394,0.2730691098603082,0.2730691098603082,0.8668203396653295,4.554891748268109e-47,4.554891748268108e-47,0.23654184545646287,7.011988178397654e-33,6.939516996218245e-33
103,0.26621142494041655,0.26607261507279384,0.26620418948760005,0.26620418948760005,0.6727628347151762,4.497718726203652e-56,4.4977187262038855e-56,0.1789313446326796,7.664882062390604e-33,6.598591314257665e-33
104,0.25945489826611684,0.2593194747754329,0.25944770972412207,0.25944770972412207,0.6147528636042929,4.216037730185675e-47,4.216037730185674e-47,0.15914737658200198,6.4442022564035e-33,6.41276265225093e-33
105,0.25280735467867227,0.25267526647053984,0.25280021582059886,0.25280021582059886,0.6199025597226118,4.855019065806386e-56,4.855019065807413e-56,0.15652698639829066,6.773332484961247e-33,6.286465155284474e-33
106,0.24626924583484774,0.24614044150545805,0.24626215934756807,0.24626215934756807,0.7730819101651719,3.908116929423767e-47,3.908116929423767e-47,0.19012409699011104,5.700996729310641e-33,7.162641680514112e-33
107,0.23984093167220052,0.23971535955204787,0.23983390015474948,0.23983390015474948,0.6724928548165909,5.233164447003474e-56,5.233164447003694e-56,0.16120754954040137,6.529841370427085e-33,7.107840544781202e-33
108,0.23352268242972402,0.23340029062649853,0.23351570839185698,0.23351570839185698,0.7898833955405001,3.6278016741436436e-47,3.6278016741436436e-47,0.18451099670990148,5.412754034208161e-33,6.655506337671769e-33
109,0.22731468072538774,0.22719541716601044,0.22730776658630725,0.22730776658630725,0.6879677669040288,5.632910834540604e-56,5.632910834540084e-56,0.15638940583572478,5.582594978276335e-33,5.1255434403801696e-33
110,0.22121702368604962,0.221100836157818,0.22121017177329527,0.22121017177329527,0.6971909960271809,3.372174990549317e-47,3.372174990549318e-47,0.15386047459702243,5.6104063707600364e-33,5.125070949782534e-33
111,0.21522972512524316,0.21511656131606463,0.21522293767374634,0.21522293767374634,0.7133556846910405,6.055039783997107e-56,6.055039783996338e-56,0.15347753741259054,6.117525515448307e-33,6.24732751036849e-33
112,0.2093527177643823,0.20924252530206944,0.20934599691568012,0.20934599691568012,0.7494749197765739,3.138672829484303e-47,3.138672829484303e-47,0.1567504816024444,4.900838223340784e-33,5.660835103036433e-33
113,0.20358585549296976,0.20347858198357768,0.20357920329457868,0.20357920329457868,0.7312076072319634,6.500404081779737e-56,6.500404081778438e-56,0.14876229015019607,5.723702198288169e-33,4.6798816532126515e-33
114,0.19792891566344709,0.19782450872863128,0.1979223340683912,0.1979223340683912,0.7177297762470837,2.925036201947143e-47,2.925036201947143e-47,0.14183075906264692,4.953406743280527e-33,4.921100884438946e-33
115,0.19238160141638558,0.1922800087297627,0.19237509228287708,0.19237509228287708,0.6749485657693078,6.969845307668474e-56,6.969845307667726e-56,0.12957353342632774,4.434419469938135e-33,5.53733530976289e-33
116,0.1869435440317818,0.18684471335427733,0.18693710912305084,0.18693710912305084,0.5917192995258936,2.7292711538427065e-47,2.7292711538427065e-47,0.11062199949445735,6.0294554343146327e-33,4.120381082633555e-33
117,0.18161430530229442,0.18151818451646345,0.18160794628656485,0.18160794628656485,0.6864982126164704,7.46416423264403e-56,7.464164232643945e-56,0.12447914647251024,4.441590928507754e-33,4.307497213455161e-33
118,0.17639337992433893,0.17629991706764586,0.17638709837494507,0.17638709837494507,0.6901118018877522,2.549613560343778e-47,2.549613560343778e-47,0.121305488187843,4.775343431891983e-33,5.1770239067030985e-33
119,0.17128019790304003,0.17118934120008833,0.1712739952986821,0.1712739952986821,0.6387412177481082,7.98421444617519e-56,7.984214446176243e-56,0.10939057397215778,4.0685313837336455e-33,4.7015187659775216e-33
120,0.1662741269671316,0.16618582486083308,0.16626800469226435,0.16626800469226435,0.636460686611027,2.38449869808811e-47,2.38449869808811e-47,0.1057774143969569,3.626023914150413e-33,4.30755241426076e-33
121,0.16137447498998925,0.16128867617166687,0.16136843433534093,0.16136843433534093,0.6551391441509928,8.530912226756733e-56,8.530912226757244e-56,0.10558534786740378,4.3251299765768924e-33,3.968161753345528e-33
122,0.15658049241308117,0.15649714585149904,0.15657453457629741,0.15657453457629741,0.7478944547220497,2.2325362697845445e-47,2.2325362697845445e-47,0.11696122368334057,3.9179526797108925e-33,4.3609023570882115e-33
123,0.15189137466822483,0.1518104296375417,0.15188550075463347,0.15188550075463347,0.6230673083067327,9.105135570851523e-56,9.105135570851204e-56,0.09457725764988,4.534366351542404e-33,4.375094599047417e-33
124,0.1473062645951467,0.14722767070179107,0.14730047561863893,0.14730047561863893,0.6991821042923734,2.0924890477666698e-47,2.0924890477666698e-47,0.10303878504188393,3.951760843432993e-33,4.422270588572008e-33
125,0.14282425485095376,0.14274796205941878,0.1428185517349764,0.1428185517349764,0.621858377530468,9.707736607429783e-56,9.707736607429542e-56,0.08872136937844226,4.191060112122236e-33,4.325303572289216e-33
126,0.138444390308239,0.1383703489657999,0.13843877388689416,0.13843877388689416,0.6463718818141844,1.963253459640743e-47,1.963253459640743e-47,0.08957458848790596,3.339902576388823e-33,3.9392429754286905e-33
127,0.13416567043866412,0.13409383129901817,0.13416014145791016,0.13416014145791016,0.6622300309243089,1.0339644861489794e-55,1.0339644861489539e-55,0.08873540874897387,4.245559914100122e-33,3.9765751394246065e-33
128,0.1299870516789785,0.12991736592481318,0.12998161079792817,0.12998161079792817,0.5948715502513685,1.8438429574011907e-47,1.8438429574011907e-47,0.0772189735591239,3.7706028339480214e-33,3.2425763051571656e-33
129,0.12590744977656063,0.1258398690410542,0.12590209756887108,0.12590209756887108,0.6351774286738769,1.1001830685208952e-55,1.100183068520822e-55,0.0800159117681402,3.5556170757430024e-33,3.557993543167035e-33
130,0.1219257421116906,0.1218602184989517,0.12192047906704052,0.12192047906704052,0.723950084983038,1.7333745483909325e-47,1.7333745483909325e-47,0.08803237591593664,3.8002215663168084e-33,3.710700375330668e-33
131,0.11804076999388838,0.11797725609834257,0.11803559651953677,0.11803559651953677,0.5612064985769227,1.1695205028603366e-55,1.169520502860289e-55,0.06604887354766126,3.3065601329750995e-33,3.7672582000076154e-33
132,0.11425134092978058,0.11418978985451274,0.11424625735220259,0.11424625735220259,0.6295363732982306,1.6310568038501948e-47,1.6310568038501948e-47,0.07176975118013505,3.8875883942609574e-33,4.4546473992254435e-33
133,0.11055623086008749,0.11049659623415009,0.11055123742668171,0.11055123742668171,0.6869954584204065,1.2420680420575315e-55,1.2420680420576275e-55,0.07591547388866336,3.6926230131077364e-33,3.33346443674512e-33
134,0.10695418636344943,0.10689642235814886,0.1069492832443126,0.1069492832443126,0.6992209175022438,1.53617864913896e-47,1.53617864913896e-47,0.07460688544742772,3.392058918910396e-33,3.8435566085096406e-33
135,0.10344392682494244,0.10338798816911458,0.10343911411470513,0.10343911411470513,0.5684797982293345,1.317926210416534e-55,1.3179262104167967e-55,0.05871085549429534,3.405882304173031e-33,3.89631356397261e-33
136,0.10002414656726195,0.09996998856155141,0.10001942428698138,0.10001942428698138,0.5753958210063925,1.4481000536334006e-47,1.4481000536334e-47,0.05744812888526718,3.2765564771424966e-33,3.343959235756715e-33
137,0.09669351694268201,0.09664109547283921,0.09668888504178674,0.09668888504178674,0.5848211385661191,1.3971963387968097e-55,1.3971963387969387e-55,0.05633298929559574,2.9710013548828026e-33,3.441582583207796e-33
138,0.09345068838402773,0.0933999599332387,0.09344614674230875,0.09344614674230875,0.5478056176882824,1.3662445401822451e-47,1.3662445401822451e-47,0.051025874079563244,3.430350480958691e-33,3.2966066391204276e-33
139,0.09029429241302321,0.09024521407328917,0.09028984084266756,0.09028984084266756,0.595105013117338,1.4799729319701133e-55,1.4799729319699225e-55,0.05354132241955284,3.665410837063262e-33,3.547211439678365e-33
140,0.08722294360450832,0.08717547308709193,0.08721858185217005,0.08721858185217005,0.6431087594496063,1.290092078061269e-47,1.2900920780612697e-47,0.05604159065797004,3.362670487752623e-33,3.284992290193838e-33
141,0.08423524150513906,0.08418933715009407,0.08423096925404215,0.08423096925404215,0.5595104350371093,1.5663542417689248e-55,1.5663542417685439e-55,0.04709627383829216,3.392952322729722e-33,2.823843172304893e-33
142,0.08132977250531317,0.08128539329011739,0.08132558937738293,0.08132558937738293,0.5472165070162361,1.2191723803242918e-47,1.2191723803242923e-47,0.04463656112465293,2.6550226589722046e-33,2.7871710640741273e-33
143,0.07850511166318312,0.07846221721049332,0.07850101722120109,0.07850101722120109,0.4821635854783996,1.6564478387369537e-55,1.656447838736677e-55,0.03777135819519049,2.9116064015203066e-33,3.3751917863174033e-33
144,0.07575982447973961,0.07571837506428808,0.07575581822951738,0.07575581822951738,0.6626568024287309,1.153059636518662e-47,1.153059636518662e-47,0.05004360924686827,2.7854015394006658e-33,3.145361658071842e-33
145,0.0730924686240669,0.07305242517871975,0.07308855001663453,0.07308855001663453,0.5624165968174561,1.7503582922088083e-55,1.7503582922088637e-55,0.04108654073123324,2.9212464514021957e-33,3.21789252107063e-33
146,0.07050159560798674,0.07046291972898504,0.07049776404179169,0.07049776404179169,0.5588914036628139,1.0913681914966527e-47,1.0913681914966524e-47,0.039282038067167825,2.6918286189864545e-33,2.9660848900414724e-33
147,0.06798575240942074,0.06794840636082645,0.06798200723253398,0.06798200723253398,0.45799240631565064,1.848184132294085e-55,1.8481841322943506e-55,0.031094889655567837,2.4617606712988093e-33,3.107431899694756e-33
148,0.06554348304391316,0.06550742976127982,0.06553982355623668,0.06553982355623668,0.5069789317074532,1.0337480949754137e-47,1.0337480949754137e-47,0.03313282444626549,2.4329421673041495e-33,2.4594731371801657e-33
149,0.06317333008386138,0.06313853317715341,0.06316975553933538,0.06316975553933538,0.5741275049853941,1.9500313807845664e-55,1.950031380784672e-55,0.03630291420233292,2.5625212721909324e-33,2.6887496389937115e-33
150,0.0608738361251089,0.06084025988089043,0.060870345733913284,0.060870345733913284,0.5425321191571343,9.798810168988338e-48,9.798810168988338e-48,0.03307529478997787,2.7639558376450826e-33,2.9457266133263968e-33
151,0.05864354520065519,0.05861115458357214,0.05864013813140303,0.05864013813140303,0.5537120002241941,2.0560136425205625e-55,2.056013642520443e-55,0.03246520538303134,2.6047002776945768e-33,2.7231927746785247e-33
152,0.056481004141337506,0.05644976479491464,0.05647767952325603,0.05647767952325603,0.49303028738976884,9.294772692583885e-48,9.294772692583885e-48,0.02770024463659051,2.5581119224246954e-33,2.4959548462033917e-33
153,0.05438476388343301,0.054354642130209775,0.05438152080852971,0.05438152080852971,0.6463457572376196,2.1662379703503795e-55,2.1662379703501665e-55,0.034990469619180876,2.2585760914388422e-33,2.3727595888546818e-33
154,0.05235338072322333,0.05232434356425098,0.05235021824843335,0.05235021824843335,0.5433650206321883,8.822731800268493e-48,8.822731800268494e-48,0.02839172829985057,2.4617915932023345e-33,2.3285737178696993e-33
155,0.050385417518650985,0.050357432632374674,0.05038233466796348,0.05038233466796348,0.5452453083999182,2.280807958133821e-55,2.28080795813365e-55,0.027370853036676922,2.0369220589087486e-33,2.3770329682175904e-33
156,0.048479444838282884,0.04845248057883133,0.04847644060484275,0.04847644060484275,0.518113277604611,8.380281670687453e-48,8.380281670687454e-48,0.025082141451384012,2.2999344475996047e-33,2.352635417579762e-33
157,0.046634042057877016,0.046608067452783376,0.04663111540605985,0.04663111540605985,0.48523385729344687,2.399837743135714e-55,2.3998377431356574e-55,0.02251386911442538,2.1198133602785137e-33,2.3238271306017705e-33
158,0.04484779840492651,0.04482278315230359,0.044844948272384194,0.044844948272384194,0.48722136656674997,7.965222532404295e-48,7.965222532404299e-48,0.021814226197423254,2.128604362833831e-33,2.365230917365715e-33
159,0.043119313951629636,0.04309522841682217,0.0431165392513037,0.0431165392513037,0.5515537230597953,2.5234456051653007e-55,2.523445605165253e-55,0.023758088259307975,2.224276853464029e-33,2.093019224415516e-33
160,0.04144720055680436,0.04142401576854192,0.04144450017890553,0.04144450017890553,0.5490118534660667,7.575543901689555e-48,7.575543901689553e-48,0.022776380488240943,2.4131563982511605e-33,2.22039595297256e-33
161,0.039830082757333095,0.03980777040340599,0.039827455571284455,0.039827455571284455,0.5316881572973504,2.6517408403613414e-55,2.6517408403614856e-55,0.021155330562602763,2.508670585117257e-33,2.529813174023207e-33
162,0.03826659860978663,0.038245131032267524,0.03826404346612841,0.03826404346612841,0.5667795202378725,7.209407426538777e-48,7.209407426538776e-48,0.021720207378231757,2.3809791530887338e-33,2.3932220707366367e-33
163,0.03675540048293515,0.0367347506729692,0.03675291621518979,0.03675291621518979,0.4759624544542213,2.7848333722742013e-55,2.7848333722743636e-55,0.017501698777442478,2.5256460587413628e-33,2.0474848958095527e-33
164,0.03529515580191064,0.03527529739409595,0.035292741228405894,0.035292741228405894,0.5474095745879616,6.865127013210618e-48,6.865127013210616e-48,0.019293413195229973,2.2707572973923092e-33,2.5163220389577078e-33
165,0.03388454774483616,0.03386545501121683,0.03388220167048512,0.03388220167048512,0.5196086261185037,2.922845201047752e-55,2.9228452010477877e-55,0.01749085048821965,2.505267189408499e-33,2.5275800887937315e-33
166,0.03252227589278728,0.032503923736480526,0.03251999711082371,0.03251999711082371,0.4739503284811386,6.541154115503844e-48,6.541154115503844e-48,0.01536617009799328,2.396026596282153e-33,2.154324001638025e-33
167,0.03120705683399421,0.031189420782473037,0.03120484412766201,0.03120484412766201,0.5426511691388061,3.065897818649845e-55,3.065897818649785e-55,0.01695504536000566,2.4076474588409992e-33,2.1333766163428868e-33
168,0.029937624723235988,0.02992068092128861,0.0299354768674319,0.0299354768674319,0.5210009222703429,6.236068212833211e-48,6.236068212833211e-48,0.015615690695413588,2.1887915383894226e-33,2.025181594918687e-33
169,0.02871273179741507,0.02869645699980117,0.02871064756028304,0.02871064756028304,0.5015795998191106,3.2141031588582608e-55,3.2141031588581706e-55,0.014381337994508091,2.2657488600387292e-33,2.093516845652296e-33
170,0.02753114884833505,0.027515520412160047,0.02752912699281221,0.02752912699281221,0.533582625842722,5.94856462527732e-48,5.948564625277321e-48,0.014650666223879803,2.160064957825319e-33,2.131734127094367e-33
171,0.02639166565373602,0.026376661530562458,0.026389704939048807,0.026389704939048807,0.4827287931420543,3.367578687571251e-55,3.3675786875711665e-55,0.012657635814105356,2.21870677931777e-33,2.4538360791465514e-33
172,0.02529309136766881,0.025278690095384915,0.025291190550779236,0.025291190550779236,0.45933095511025285,5.677440917198338e-48,5.677440917198341e-48,0.011633768425741379,2.145638068742734e-33,2.0243321905391708e-33
173,0.024234254871314656,0.024220435565778766,0.024232412708315765,0.024232412708315765,0.4672880541838243,3.526453360677694e-55,3.526453360677585e-55,0.011286352677651988,2.5034770512755212e-33,1.936142357182163e-33
174,0.02321400508537769,0.02320074743185747,0.0232122203328382,0.0232122203328382,0.4814288758741155,5.421588689451725e-48,5.421588689451725e-48,0.011170961987422835,1.8983862104552446e-33,2.2098616723224695e-33
175,0.0222312112451963,0.02221849548962074,0.02222948266145397,0.02222948266145397,0.40325290654672713,3.690850620032668e-55,3.690850620032611e-55,0.00898178487079374,2.2551036827138033e-33,1.854133595504677e-33
176,0.021284763139734417,0.021272570079776322,0.021283089486138024,0.021283089486138024,0.47942483975414296,5.17998785353366e-48,5.1799878535336585e-48,0.010174836105111417,1.996985382641558e-33,2.097344672209142e-33
177,0.020373571315626254,0.020361882291632594,0.020371951357726233,0.020371951357726233,0.48709418584050107,3.8608860515923876e-55,3.860886051592605e-55,0.009911650985900121,2.1345461150599566e-33,2.070138089631601e-33
178,0.01949656724745804,0.019485364133244833,0.01949499975614581,0.01949499975614581,0.4237934123188931,4.95169733162063e-48,4.9516973316206294e-48,0.00823616667950244,2.1779215232913728e-33,2.005889792475393e-33
179,0.01865270347547646,0.01864196866900433,0.018651187228072463,0.018651187228072463,0.5091915474883718,4.036685512355898e-55,4.036685512356092e-55,0.009473729091966834,1.8134563755798215e-33,2.095592480027017e-33
180,0.017840953711918663,0.017830670125865044,0.01783948749320956,0.01783948749320956,0.49418866861253874,4.735845982084263e-48,4.735845982084261e-48,0.008789640852063931,2.260476667501693e-33,2.1342844791748667e-33
181,0.01706031291715993,0.017050463969403074,0.017058895520385257,0.017058895520385257,0.4064964813064445,4.218383441731197e-55,4.218383441731141e-55,0.006937407200979721,1.87780521641283e-33,1.9643946181632683e-33
182,0.016309797346874908,0.01630036695090432,0.016308427574663387,0.016308427574663387,0.495559387608386,4.5316284698288536e-48,4.5316284698288536e-48,0.008099946818823638,2.1299567474577616e-33,2.0957497919463687e-33
183,0.015588444571405199,0.015579417126672995,0.015587121236661556,0.015587121236661556,0.446121185240733,4.406104469045462e-55,4.406104469045219e-55,0.007010827964189586,1.806393002018665e-33,2.0477132628660126e-33
184,0.014895313468521304,0.014886673850747956,0.014894035395263867,0.014894035395263867,0.4550187992376946,4.338301316736758e-48,4.3383013167367585e-48,0.00680220984063308,1.6433727186357426e-33,1.931162189238617e-33
185,0.014229484190759669,0.01422121774220749,0.014228250214909543,0.014228250214909543,0.45171357944962237,4.599969303631574e-55,4.599969303631342e-55,0.0064285034290404745,2.082963393124193e-33,2.0426531857794766e-33
186,0.013590058108506529,0.0135821506282336,0.013588867078629031,0.013588867078629031,0.4201297003254549,4.155175523404974e-48,4.155175523404975e-48,0.005673391252744916,1.7309857497396815e-33,1.8506207773837496e-33
187,0.012976157729989385,0.012968595464095949,0.012975008507988422,0.012975008507988422,0.4357691554430118,4.8001124087556825e-55,4.800112408755558e-55,0.005611554682223209,1.9813672360757697e-33,2.113603991534349e-33
188,0.012386926599324034,0.01237969623120333,0.01238581806109046,0.01238581806109046,0.4380590831574938,3.981610900471094e-48,3.981610900471096e-48,0.0053975370555336445,2.130430496046798e-33,1.926066716016223e-33
189,0.011821529173751202,0.011814617814355496,0.011820460209765701,0.011820460209765701,0.42197130479561784,5.00667190298548e-55,5.0066719029855225e-55,0.004990973354121301,1.981711797033082e-33,1.8997633857544367e-33
190,0.011279150681180244,0.011272545859313107,0.01127812019707203,0.01127812019707203,0.4375985352962954,3.817014317584515e-48,3.817014317584515e-48,0.004920676450619144,1.892805275828689e-33,2.0171998968468854e-33
191,0.010758996959140713,0.010752686611785463,0.01075800387620275,0.01075800387620275,0.42886692806042437,5.2197735635026025e-55,5.219773563502799e-55,0.004596279225662151,2.0296356131653082e-33,1.859047942260766e-33
192,0.010260294276223481,0.010254266738917509,0.010259337531885326,0.010259337531885326,0.398919125694121,3.6608364256497e-48,3.660836425649698e-48,0.0041208911813878195,1.7942795871645956e-33,1.7035986993766848e-33
193,0.009782289137073437,0.009776533134337616,0.00978136768533277,0.00978136768533277,0.4367905068846389,5.439544857849938e-55,5.4395448578502175e-55,0.0042741720875055815,2.1403220065945696e-33,1.6911170801524996e-33
194,0.009324248071974498,0.009318752707806426,0.009323360883788451,0.009323360883788451,0.4501578260538628,3.5125658191677227e-48,3.5125658191677215e-48,0.004210933787485735,1.8929776737246553e-33,1.9861203798165906e-33
195,0.008885457412045966,0.008880212160485106,0.008884603475683222,0.008884603475683222,0.44346052504243094,5.666128277043122e-55,5.666128277042894e-55,0.003922562098931106,1.8951013113427614e-33,1.910408805891558e-33
196,0.008465223051045722,0.008460217746818332,0.008464401372400643,0.008464401372400643,0.44471923594558704,3.371725939175914e-48,3.371725939175914e-48,0.0037854662567299597,1.8181968383145703e-33,2.0970443444347534e-33
197,0.008062870194752348,0.008058095024003465,0.0080620797976223,0.0080620797976223,0.43554243927083475,5.899663822333722e-55,5.8996638223330324e-55,0.003509701731604795,1.980402116778722e-33,1.9280642377259044e-33
198,0.007677743098873368,0.007673188589992614,0.0076769830252002725,0.0076769830252002725,0.460747218379155,3.2378744967479936e-48,3.2378744967479936e-48,0.0035332243038526494,2.0381367531394856e-33,1.931353718644274e-33
199,0.007309204796401441,0.007304861810949189,0.0073084741064789365,0.0073084741064789365,0.40020639513293127,6.140279186554217e-55,6.140279186553908e-55,0.0029512542217035374,2.0004676421598742e-33,2.1472233590542438e-33
200,0.006956636815314796,0.006952496539054517,0.006955934587962022,0.006955934587962022,0.39226262347854807,3.1106003623881185e-48,3.11060036238812e-48,0.0027124329697440926,2.1739744048739314e-33,1.9369672209048356e-33
201,0.0066194388874913105,0.006615492821533775,0.006618764220194662,0.006618764220194662,0.4291344413604609,6.388110023849102e-55,6.388110023849536e-55,0.002842579983911846,1.652541516470893e-33,1.6684270171884016e-33
202,0.006297028649679304,0.006293268601743691,0.0062963806587032775,0.0062963806587032775,0.39977426795996357,2.9895191454831665e-48,2.9895191454831677e-48,0.0025155921585922384,2.047776382717564e-33,1.6894715994654534e-33
203,0.005988841337340611,0.005985259413137336,0.005988219157809036,0.005988219157809036,0.4261043163706177,6.643305481309781e-55,6.643305481310571e-55,0.0025456468467594954,1.7473391507203918e-33,1.8678255923301498e-33
204,0.005694329472154402,0.005690918066893928,0.005693732258103185,0.005693732258103185,0.3915331489697095,2.8742719564922423e-48,2.8742719564922435e-48,0.002233412689685629,1.9140282233168607e-33,1.621468300550602e-33
205,0.005412962543942248,0.005409714333973943,0.005412389468344936,0.005412389468344936,0.3746293693874268,6.906006035263169e-55,6.906006035263135e-55,0.0020242171354698823,1.8991906048941273e-33,1.4831683532823773e-33
206,0.005144226687747666,0.005141134622332219,0.005143676942514957,0.005143676942514957,0.3704571465906367,2.7645251836750725e-48,2.7645251836750725e-48,0.0019032023193298502,1.8668717746927626e-33,1.7623803799607805e-33
207,0.004887624356775125,0.004884681649993827,0.004887097152729563,0.004887097152729563,0.3659878866511144,7.176342779159083e-55,7.176342779158383e-55,0.0017834743130483368,2.0204902536896193e-33,2.0807442306258954e-33
208,0.004642673991866074,0.0046398741146698565,0.004642168558693136,0.004642168558693136,0.40093874999504076,2.65996742691949e-48,2.65996742691949e-48,0.0018530839213146408,1.9822984005769096e-33,1.717214127922611e-33
209,0.004408909688161696,0.004406246360562462,0.004408425274338403,0.004408425274338403,0.3936512875918845,7.454460405101175e-55,7.454460405100733e-55,0.0017378350323835924,1.907275534201097e-33,1.9865194707188333e-33
210,0.0041858808595745065,0.004183348042981025,0.004185416732276748,0.004185416732276748,0.3372502217242311,2.5603064368336593e-48,2.5603064368336584e-48,0.001407657474280865,1.6871020117952957e-33,1.8798208231168463e-33
211,0.0039731519016635245,0.003970743791363856,0.003972707346653269,0.003972707346653269,0.3784603741794318,7.740512731666612e-55,7.740512731666698e-55,0.0015039909192267316,1.7446501441363556e-33,1.689015944961386e-33
212,0.00377030185348059,0.0037680128712726055,0.003769876174974057,0.003769876174974057,0.34379739331895015,2.465269093440239e-48,2.465269093440239e-48,0.0013051861700760818,1.913257839681192e-33,2.0457074521442068e-33
213,0.003576924058928481,0.0035747488458999135,0.003576516579446449,0.003576516579446449,0.35635757472629587,8.034640030532331e-55,8.034640030532514e-55,0.001276667885673821,1.8837376964542026e-33,1.880942668102393e-33
214,0.0033926258281448867,0.00339055923760392,0.0033922358883461674,0.0033922358883461674,0.395201848135883,2.3746010319264678e-48,2.3746010319264678e-48,0.0013271060978907148,1.729281642234879e-33,1.7991559166112987e-33
215,0.0032170280994000236,0.003215065189957297,0.0032166550578992376,0.0032166550578992376,0.36483417484154995,8.336978732846785e-55,8.336978732846604e-55,0.0011728783751404736,1.9708990526341325e-33,1.7621142612701164e-33
216,0.0030497651019700126,0.003047901130772552,0.003049408335140649,0.003049408335140649,0.3459415441757345,2.2880637171834463e-48,2.2880637171834475e-48,0.0010499045995045382,1.8120397966269036e-33,1.8908724281878343e-33
217,0.0028904840204225105,0.002888714436539958,0.002890142922186352,0.002890142922186352,0.3513484562259663,8.647682557125749e-55,8.647682557125536e-55,0.00101159646512212,1.8966682955849087e-33,1.7779467774885015e-33
218,0.0027388446607264165,0.0027371650986896187,0.002738518642330289,0.002738518642330289,0.3177060467141746,2.205432648198906e-48,2.2054326481989066e-48,0.0008765803676656477,1.8527290696204434e-33,1.987183545168635e-33
219,0.00259451911857281,0.0025929253920646644,0.0025942076083536416,0.0025942076083536416,0.2927512607738348,8.966907735519363e-55,8.966907735519485e-55,0.0007593677264823754,1.703960397063682e-33,1.7245647981125983e-33
220,0.0024571914502705774,0.0024556795459688093,0.0024568938934097294,0.0024568938934097294,0.31400573402960247,2.1264979829323104e-48,2.1264979829323113e-48,0.0007824498021194784,1.4969493180460616e-33,1.8131215084186097e-33
221,0.0023265573465566657,0.0023251234181279946,0.0023262732048244146,0.0023262732048244146,0.3456851168116517,9.2947945974344e-55,9.294794597434583e-55,0.0008168933081863144,1.883260819500781e-33,1.748493199761578e-33
222,0.002202323809638265,0.002200964171883286,0.002202052561129379,0.002202052561129379,0.2866075011911183,2.0510637724022918e-48,2.0510637724022918e-48,0.0006326577034390478,1.814044156515273e-33,1.591287930427401e-33
223,0.002084208833761894,0.002082919956909765,0.002083949972623121,0.002083949972623121,0.3536958257350719,9.631486902188405e-55,9.63148690218842e-55,0.0007365687643166913,1.6513534527185075e-33,1.506148000092968e-33
224,0.0019719410895828833,0.001970719593734776,0.0019716941257332003,0.0019716941257332003,0.3261058148838761,1.9789453663654964e-48,1.9789453663654958e-48,0.0006482616360197729,1.7199430789275618e-33,1.9772236133252535e-33
225,0.00186525961258771,0.001864102262307855,0.001865024071432161,0.001865024071432161,0.3054684992189831,9.97714639352133e-55,9.977146393521006e-55,0.0005725201480704838,2.129758996872897e-33,1.8936578433640907e-33
226,0.0017639134958013687,0.0017628171948543146,0.001763688917939232,0.001763688917939232,0.33319691705331317,1.909968710690775e-48,1.9099687106907742e-48,0.0005992773138329142,2.0743700820304462e-33,2.037247905461647e-33
227,0.0016676615869922252,0.001666623373224841,0.0016674475279202594,0.0016674475279202594,0.3278890005041563,1.0331929625530202e-54,1.0331929625529882e-54,0.0005514795467603638,2.0010043943030122e-33,1.9826793456119226e-33
228,0.0015762721905677839,0.0015752892309344416,0.0015760682203793122,0.0015760682203793122,0.3246271093076581,1.8439711451456402e-48,1.8439711451456393e-48,0.0005132260054928477,1.909469831623178e-33,1.748260279377544e-33
229,0.0014895227743364327,0.001488592360065591,0.0014893284774168904,0.0014893284774168904,0.3241197479331868,1.0695978217089821e-54,1.0695978217089625e-54,0.0004850940908545594,1.769264790052352e-33,1.789851039757641e-33
230,0.0014071996812925016,0.0014063192231929232,0.0014070146560121622,0.0014070146560121622,0.3100682267264018,1.7808002127441676e-48,1.7808002127441682e-48,0.000448990806467739,1.8141372336346187e-33,1.9119760620242905e-33
231,0.0013290978465649052,0.0013282648704695406,0.0013289217049693705,0.0013289217049693705,0.3336342287131451,1.1069444842117588e-54,1.1069444842117675e-54,0.0004457082595512946,1.959667147346404e-33,1.8373641043637568e-33
232,0.0012550205196532817,0.0012542326619988371,0.0012548528871523662,0.0012548528871523662,0.31621763418783544,1.7203115888516233e-48,1.720311588851624e-48,0.0004026073958375429,1.7579472968310733e-33,1.8511188585193623e-33
233,0.0011847789920597979,0.0011840339955998683,0.0011846195071153584,0.0011846195071153584,0.3336862563099699,1.1452497358003412e-54,1.1452497358003557e-54,0.000410309936894828,1.8894048886208794e-33,1.7027685889025377e-33
234,0.0011181923304097242,0.0011174880400593354,0.0011180406442229903,0.0011180406442229903,0.29229649079403863,1.6623692224174168e-48,1.6623692224174174e-48,0.0003224600397222856,1.76919105525552e-33,1.658006427950622e-33
235,0.0010550871151394877,0.0010544214739488117,0.0010549428913384068,0.0010549428913384068,0.28268060321142274,1.1845291166164773e-54,1.1845291166164863e-54,0.0003079428063431858,1.9519198871261555e-33,1.807767536135064e-33
236,0.0009952971848171553,0.0009946682300720946,0.000995160099144236,0.000995160099144236,0.30628090175887573,1.6068459562102935e-48,1.6068459562102935e-48,0.00030470817809366866,1.7045238069624123e-33,1.935779060645525e-33
237,0.0009386633861471884,0.0009380692455944798,0.0009385331261483017,0.0009385331261483017,0.2853991148062846,1.2247971190126304e-54,1.2247971190126138e-54,0.00027057689384006747,1.6175117922750586e-33,1.7942765254088126e-33
238,0.0008850333296988303,0.0008844722178932812,0.0008849095944134083,0.0008849095944134083,0.2810526197199594,1.5536220246247928e-48,1.5536220246247922e-48,0.0002617189534585044,1.7541906999954508e-33,1.7091158747700336e-33
239,0.0008342611513856571,0.0008337313661570728,0.0008341436510386932,0.0008341436510386932,0.27362379156511485,1.266069978183602e-54,1.2660699781835556e-54,0.00023434641884452874,1.9062413562257352e-33,2.0656181034791714e-33
240,0.0007862072797125841,0.0007857071987499224,0.00078609573540882,0.00078609573540882,0.2860553645254745,1.5025836389769366e-48,1.502583638976936e-48,0.0002329985245048636,1.5828729984570183e-33,1.8271909768488386e-33
241,0.0007407382087960208,0.0007402662863462718,0.0007406323522166739,0.0007406323522166739,0.24224393217485551,1.3083648378854403e-54,1.3083648378854134e-54,0.00018468391079457503,1.83177296230141e-33,1.8240254599272082e-33
242,0.0006977262771528085,0.0006972810408320833,0.000697625850255172,0.000697625850255172,0.3114915622993128,1.4536236742022507e-48,1.4536236742022507e-48,0.00022787255208081398,1.6843068270653404e-33,1.893144161217495e-33
243,0.0006570494522441777,0.0006566294999584806,0.0006569542069644155,0.0006569542069644155,0.2613259760538058,1.3516970735073525e-54,1.3516970735073536e-54,0.00017836485101619106,1.955627400491108e-33,1.7341133072811942e-33
244,0.0006185911207520654,0.0006181951177251885,0.0006185008187114719,0.0006185008187114719,0.2858369341493525,1.4066418986995155e-48,1.4066418986995155e-48,0.00017965017302482483,1.8843505595635388e-33,1.8423580831333782e-33
245,0.000582239884556822,0.0005818665604628169,0.0005821542967718213,0.0005821542967718213,0.2856655010513916,1.3960817497002154e-54,1.396081749700249e-54,0.00016874423179284045,1.8379859902895662e-33,1.8017951937297992e-33
246,0.0005478893623775779,0.0005475375085752491,0.0005478082689737049,0.0005478082689737049,0.26551201118553086,1.3615433564769332e-48,1.361543356476934e-48,0.00015382378492532987,2.0697642511273482e-33,1.8450537634832436e-33
247,0.0005154379970292853,0.0005151064638961451,0.0005153611869593641,0.0005153611869593641,0.2657141584544013,1.4415360352118142e-54,1.441536035211824e-54,0.00014596297833484738,1.775771061570399e-33,1.7982557697982044e-33
248,0.00048478886824372246,0.00048447656260686687,0.0004847161390104546,0.0004847161390104546,0.2413678110972212,1.3182376498930695e-48,1.3182376498930702e-48,0.00012141214215893418,1.6885001840763852e-33,1.7995170700133113e-33
249,0.0004558495109955149,0.0004555553936568771,0.0004557806683786512,0.0004557806683786512,0.24608788902311704,1.488077161839468e-54,1.488077161839451e-54,0.00012072544380608848,1.6511830782206193e-33,1.9591883724459413e-33
250,0.00042853173926846974,0.00042825482262192656,0.00042846659705673274,0.00042846659705673274,0.24714106809758282,1.2766398643331717e-48,1.2766398643331717e-48,0.00011199442059484786,1.6850046541275342e-33,1.638848584432774e-33
