,wl_TT,wl_EE,wl_BB,wl_TT_mkb,wl_EE_mkb,wl_BB_mkb,TT_in,EE_in,BB_in,TT_out,EE_out,BB_out
0,1.0,1.0004945056625623,1.0004945056625623,1.0,1.0004945056625623,1.0004945056625623,1.1547915689807266e-09,0.0,0.0,1.0413713367208747e-06,0.0,0.0
1,0.9997528388318903,1.0002472222718553,1.0002472222718553,0.9997528337531056,1.0002472171905592,1.0002472171905592,2.0228382816188202e-10,0.0,0.0,1.1522285191045033e-06,0.0,0.0
2,0.9992586997465012,0.9997528388318903,0.9997528388318903,0.9992586845176842,0.9997528235955425,0.9997528235955425,122.72479121168185,0.004203656871613165,1.5186106397912831e-12,122.67123835295743,0.0042052022987657586,5.191988928096178e-10
3,0.9985179490190682,0.9990117217990282,0.9990117217990282,0.9985179185840255,0.9990116913489351,0.9990116913489351,114.68147761675068,0.0062025146127875,5.225334821585643e-13,114.57005218403438,0.00619878147754637,7.31500515684157e-10
4,0.9975311354967735,0.9980244202918587,0.9980244202918587,0.9975310848218639,0.9980243695918902,0.9980243695918902,32.69196024146809,0.0016688648137059318,1.564609312834397e-12,32.627081259112195,0.0016666911462109013,8.504000817221102e-10
5,0.996298989921036,0.9967916654131571,0.9967916654131571,0.9962989140026168,0.9967915894571957,0.9967915894571957,32.00952417653847,0.001533526036360269,5.105471871769859e-13,31.898559601895055,0.0015289164511045695,1.3231186834760073e-09
6,0.9948224240257223,0.9953143693476468,0.9953143693476468,0.9948223178975513,0.9953142631669949,0.9953142631669949,60.46111013055839,0.0009356156721731508,1.5616233301938657e-12,60.18003908577965,0.0009309184753010139,8.064553344638667e-10
7,0.9931025294128355,0.9935936242371349,0.9935936242371349,0.9931023881533928,0.9935934829078387,0.9935934829078387,32.105583122177066,0.0004027063221305856,5.223094170698727e-13,31.897451239605637,0.0004001207145713408,7.511125738654312e-10
8,0.9911405762076236,0.9916307008349535,0.9916307008349535,0.9911403949473594,0.991630519485055,0.991630519485055,19.08464012102976,0.00014740171284148757,1.5367490799981134e-12,18.926769569999838,0.00014622505192716636,4.67301026173027e-10
9,0.9889380114954266,0.989427046942034,0.989427046942034,0.9889377854239053,0.9894268207587192,0.9894268207587192,6.0467524985596866,9.786802164204003e-05,5.330043398947442e-13,5.9791094937524205,9.679403647827829e-05,5.012621685146588e-10
10,0.986496457542954,0.9869842856273067,0.9869842856273067,0.9864961819158973,0.9869840098639506,0.9869840098639506,14.46491533050416,6.752232093633042e-05,1.535907869675682e-12,14.27600768564715,6.66857152261752e-05,1.0008129800050313e-09
11,0.9838177098070578,0.9843042132354863,0.9843042132354863,0.9838173799532594,0.9843038832185733,0.9843038832185733,11.849422194134082,4.534971389506614e-05,5.268747025991724e-13,11.669211888953752,4.458233423373248e-05,7.331817230734341e-10
12,0.9809037347344152,0.9813887971856697,0.9813887971856697,0.9809033460625256,0.9813884083215796,0.9813884083215796,13.636359560946936,3.092308205809263e-05,1.5500543772033276e-12,13.38291115141369,3.038125580065755e-05,1.5781099932244003e-09
13,0.977756667355903,0.9782401735645185,0.9782401735645185,0.9777562153610624,0.9782397213461639,0.9782397213461639,7.375314102033129,2.3112348282204405e-05,5.213488761262436e-13,7.2133252961532115,2.2604156983670948e-05,5.020400841597339e-10
14,0.9743788086797792,0.9748606445181519,0.9748606445181519,0.9743782889500977,0.9748601245314613,0.9748601245314613,5.406334061979132,2.2086989736239852e-05,1.5494607326353936e-12,5.26953811582217,2.1578120942104634e-05,5.377787495792128e-10
15,0.9707726228881265,0.9712526754472052,0.9712526754472052,0.9707720311109894,0.971252083377431,0.971252083377431,9.276510049324944,2.5503719219171696e-05,5.263475394368775e-13,9.008856446217413,2.4706288602322325e-05,7.143314806942864e-10
16,0.966940734341342,0.9674188920098358,0.9674188920098358,0.9669400663095371,0.9674182236476854,0.9674182236476854,4.803204276948652,2.0569876583583006e-05,1.542696219351249e-12,4.644880070381233,1.990716321818787e-05,1.1475980424925185e-09
17,0.9628859243957687,0.9633620769377838,0.9633620769377838,0.9628851760134199,0.9633613281853558,0.9633613281853558,5.280539316326572,2.3394353722565243e-05,5.288504961872378e-13,5.087247410669395,2.251593436550524e-05,1.0078370191921432e-09
18,0.9586111280398696,0.9590851666708804,0.9590851666708804,0.958610295328168,0.9590843335473983,0.9590843335473983,10.80554916935884,3.0424189682974252e-05,1.5441939680584746e-12,10.365732169589439,2.9177951316399376e-05,1.1177422019502816e-09
19,0.9541194303546391,0.95459124781571,0.95459124781571,0.9541185094573629,0.9545903264630451,0.9545903264630451,7.153253261330375,2.7742646634403358e-05,5.252956290041227e-13,6.829225621827195,2.655858847655384e-05,9.352553556317294e-10
20,0.9494140628042258,0.9498835534343986,0.9498835534343986,0.9494130499930368,0.949882540122369,0.949882540122369,5.952560396946823,3.687831480603195e-05,1.552686747381641e-12,5.651269671710858,3.510958245944258e-05,5.510331267166033e-10
21,0.9444983993630093,0.9449654591697753,0.9449654591697753,0.9444972910425218,0.944964350301217,0.944964350301217,5.992197998057108,3.815361635350219e-05,5.237683373719147e-13,5.66123128221755,3.611872755744777e-05,7.035925230396481e-10
22,0.9393759524856239,0.9398404792134027,0.9398404792134027,0.9393747451982326,0.939839271329001,0.939839271329001,5.015576006585901,4.007486841452769e-05,1.550262082266459e-12,4.711190681951204,3.762621349983051e-05,7.120298268016785e-10
23,0.9340503689266676,0.9345122621232201,0.9345122621232201,0.9340490593571289,0.9345109519060919,0.9345109519060919,5.286278180852728,4.2914943116721956e-05,5.261564296677334e-13,4.939816257438873,4.014471670228835e-05,6.344786186403123e-10
24,0.9285254254170535,0.9289845864977553,0.9289845864977553,0.9285240103968139,0.9289831707777801,0.9289831707777801,4.263739134420878,4.734913054703208e-05,1.5488703058283661e-12,3.9584089525241755,4.396225875310994e-05,1.006983825030025e-09
25,0.9228050242041775,0.9232613565140874,0.9232613565140874,0.92280350071544,0.923259832271976,0.923259832271976,3.566387718221298,4.632132425105901e-05,5.277317157366518e-13,3.292448233436777,4.282628628320809e-05,6.84925441541148e-10
26,0.9168931884632656,0.9173465973369254,0.9173465973369254,0.916891553642791,0.9173449617080229,0.9173449617080229,3.525076092683763,3.750163884216315e-05,1.5519289402849386e-12,3.235150367958562,3.433597723001719e-05,6.093099339155702e-10
27,0.9107940575874494,0.9112444504063543,0.9112444504063543,0.9107923087300837,0.9112427006841687,0.9112427006841687,3.026099643594815,5.522294175351433e-05,5.244529139545182e-13,2.7570709388966788,5.035484802358705e-05,1.0596057360972716e-09
28,0.9045118823642757,0.9049591686119597,0.9049591686119597,0.9045100169262014,0.9049573022514157,0.9049573022514157,3.3888809829304933,4.80898905797368e-05,1.5557226948294882e-12,3.0671706845936817,4.3548967613135637e-05,7.661970269103009e-10
29,0.8980510200465095,0.8984951113611923,0.8984951113611923,0.8980490356482131,0.8984931259815997,0.8984931259815997,2.9954848575599042,6.139164571940044e-05,5.254168616267922e-13,2.689699394214141,5.5312448462608176e-05,6.967634042479328e-10
30,0.8914159293252163,0.8918567395499658,0.8918567395499658,0.891413823754174,0.8918546329377066,0.8918546329377066,3.2723706288268746,6.307224027443915e-05,1.5547330410651267e-12,2.9158588042292126,5.6339457840196775e-05,7.035240592515181e-10
31,0.8846111652132258,0.8850486104435895,0.8850486104435895,0.884608936426297,0.8850463805545131,0.8850463805545131,3.441099575161847,9.257365710289911e-05,5.267503328985851e-13,3.0443786764361347,8.201688286755826e-05,8.221394010491453e-10
32,0.8776413738471781,0.8780753724762443,0.8780753724762443,0.87763901997271,0.878073017437772,0.878073017437772,3.2017597319575506,8.957469091273099e-05,1.5542752084114857e-12,2.8121544592661207,7.874254723460062e-05,7.880416754287327e-10
33,0.8705112872164297,0.8709417599772825,0.8709417599772825,0.8705088065560664,0.8709392780902188,0.8709392780902188,2.9319555460087914,7.483737336082125e-05,5.266756176464224e-13,2.554012755044966,6.515799428863393e-05,6.029100891805982e-10
34,0.8632257178271656,0.8636525878327004,0.8636525878327004,0.8632231088573681,0.8636499775727525,0.8636499775727525,2.5460731340162313,9.375649940435854e-05,1.5590749944662423e-12,2.1983180785116634,8.102819702718409e-05,6.944408796677538e-10
35,0.8557895533101085,0.8562127460901819,0.8562127460901819,0.8557868146833733,0.8562100061091802,0.8562100061091802,1.94279707329808,7.144166299049797e-05,5.251448395940086e-13,1.6630964006297393,6.116619170982373e-05,7.423911501827859e-10
36,0.8482077509802459,0.8486271945161348,0.8486271945161348,0.8482048815260321,0.8486243236429596,0.8486243236429596,2.1067530662446456,5.297443366249265e-05,1.5609035570556896e-12,1.788346974228158,4.4916978189682766e-05,5.803741834420517e-10
37,0.8404853323570072,0.8409009571131583,0.8409009571131583,0.8404823310823705,0.8408979543543741,0.8408979543543741,2.7223327267459903,7.851417166906759e-05,5.2672069889986e-13,2.2881707717125943,6.596610693246577e-05,7.59911224030631e-10
38,0.8326273776533263,0.8330391166063802,0.8330391166063802,0.8326242437432553,0.8330359811465728,0.8330359811465728,2.0697194967539527,6.878380821968867e-05,1.5610380726756167e-12,1.7235874955636363,5.7308101584501134e-05,8.557929117174042e-10
39,0.8246390202419964,0.8250468089070758,0.8250468089070758,0.824635753059462,0.825043540108901,0.825043540108901,1.7833095071260312,0.00010280461385282396,5.268735017510417e-13,1.4693814944732253,8.478295348803522e-05,9.085345728197383e-10
40,0.8165254411076918,0.8169292175619457,0.8169292175619457,0.8165220401934046,0.8169258149658869,0.8169258149658869,2.6661215112821046,7.148382693768118e-05,1.5620895238241371e-12,2.17829126792295,5.8368086197934465e-05,7.518596275089994e-10
41,0.8082918632929823,0.8086915681963837,0.8086915681963837,0.8082883283648642,0.8086880315202236,0.8086880315202236,2.012007403436442,0.0001020009324918392,5.26142143509109e-13,1.6273871179319253,8.256046144706323e-05,6.117152710305492e-10
42,0.7999435463465864,0.8003391229599848,0.8003391229599848,0.7999398772989588,0.8003354520979924,0.8003354520979924,1.3711342884705155,0.00013280132338863257,1.5669226126085083e-12,1.0979080157592866,0.00010639051963960014,7.078946378071879e-10
43,0.791485780782041,0.7918771749824753,0.7918771749824753,0.7914819776845369,0.7918733700043179,0.7918733700043179,1.7161669311260634,7.457473890273152e-05,5.257005699658528e-13,1.3587857670914147,5.90451687311874e-05,7.268702656614623e-10
44,0.78292388255485,0.7833110428481287,0.7833110428481287,0.782919945651049,0.7833071039975065,0.7833071039975065,2.1379960034932135,8.223625811645222e-05,1.5677653770845194e-12,1.6741370973016287,6.442432972212881e-05,7.272539210742598e-10
45,0.7742631875660722,0.7746460650966369,0.7746460650966369,0.7742591172718676,0.774641992789649,0.774641992789649,1.8933184933433163,0.00011585964183019608,5.258936965634512e-13,1.465445231009934,8.972763236568945e-05,7.773129757415209e-10
46,0.7655090462001745,0.7658875947582631,0.7658875947582631,0.7655048431018757,0.7658833895815084,0.7658833895815084,1.3295336176670334,0.0001359968927876778,1.568884753364767e-12,1.0181880595906752,0.0001041700750634404,7.446567469880874e-10
47,0.7566668179048345,0.7570409939309614,0.7570409939309614,0.7566624827570143,0.7570366566393861,0.7570366566393861,1.4401025064932855,8.942338141070834e-05,5.268499883476785e-13,1.0909314728514385,6.777207483661042e-05,7.72540578755765e-10
48,0.7477418658202201,0.7481116284070031,0.7481116284070031,0.7477373995433086,0.7481071599214923,0.7481071599214923,1.9495832485077669,0.00013017159881019075,1.5713196096984931e-12,1.4581193040497993,9.734802031059964e-05,7.72657206575766e-10
49,0.738739551465108,0.7391048623564661,0.7391048623564661,0.7387349551427443,0.7391002637611951,0.7391002637611951,1.0030110300705684,0.0001715026090598742,5.257077060061383e-13,0.7410056174912949,0.00012675619284136753,8.136523224938306e-10
50,0.7296652294870144,0.7300260530747705,0.7300260530747705,0.7296605043631597,0.7300213256143152,0.7300213256143152,1.6722583265001596,0.00011884322589414015,1.5755523462641933e-12,1.2208829505788883,8.688802341071584e-05,8.565867590176459e-10
51,0.7205242424833244,0.7208805458012457,0.7208805458012457,0.7205193899591493,0.7208756908774699,0.7208756908774699,1.347214152571336,0.00011984965835186658,5.254731349886035e-13,0.9705203672882059,8.636067259269133e-05,8.224530355107435e-10
52,0.711321915900196,0.7116736686155133,0.7116736686155133,0.7113169375307444,0.7116686877842298,0.7116686877842298,1.7325062978385466,0.00015483449785830803,1.576869165493848e-12,1.232380967133239,0.00011034859219956491,6.546658543679171e-10
53,0.7020635530158019,0.7024107274182467,0.7024107274182467,0.7020584505064451,0.7024056223856703,0.7024056223856703,1.6220108338116523,0.0001568525973758576,5.265830262116294e-13,1.1387481830401087,0.00011014413160897996,8.053657962703952e-10
54,0.6927544300142441,0.6930970010026513,0.6930970010026513,0.69274920521693,0.6930917736216452,0.6930917736216452,1.3214640872025796,0.00011722204275746232,1.578824556655299e-12,0.9142187074630848,8.122797507176865e-05,7.347029078052185e-10
55,0.68339979115624,0.6837377362227606,0.6837377362227606,0.68339444606555,0.683732388488893,0.683732388488893,1.1296382470251856,0.0001387794247266059,5.26678336675707e-13,0.7718136846510929,9.493721123533986e-05,8.162638057941989e-10
56,0.6740048440524374,0.6743381432644157,0.6743381432644157,0.6739993808014583,0.6743326773118281,0.6743326773118281,1.0859367834154252,0.00013045342530405908,1.582202158486553e-12,0.7311788966945564,8.800771067291223e-05,6.495955705585356e-10
57,0.6645747550449552,0.6649033910245208,0.6649033910245208,0.6645691759009758,0.6648978091216231,0.6648978091216231,1.1526096548664886,0.0001708753139013276,5.259300857454241e-13,0.7661223996854126,0.00011362690091554338,6.177850232740458e-10
58,0.6551146447024947,0.6554386026039275,0.6554386026039275,0.6551089520625393,0.6554329071489295,0.6554329071489295,1.3830075334327414,0.0001261320134176589,1.5863591152894287e-12,0.9058630105320231,8.267309544366569e-05,9.060641034576234e-10
59,0.6456295834340913,0.6459488509190172,0.6459488509190172,0.6456237798202962,0.6459430444353021,0.6459430444353021,1.0329601089884128,0.00015148867999262592,5.258626171522284e-13,0.6668702454436232,9.784026074774119e-05,7.572118167985393e-10
60,0.6361245872263059,0.6364391544367843,0.6364391544367843,0.6361186752811555,0.6364332395681436,0.6364332395681436,1.3364143836989524,0.00018017878706739774,1.587710030371108e-12,0.8502272461825761,0.00011473110375842904,8.655213695350826e-10
61,0.6266046135083748,0.6269144730379422,0.6269144730379422,0.6265985959897997,0.6269084525436703,0.6269084525436703,1.2753179151377871,0.00013060706265275072,5.273800822700441e-13,0.7999280259561468,8.19064254659547e-05,6.550257148865003e-10
62,0.6170745571495512,0.6173797040122848,0.6173797040122848,0.6170684369259075,0.6173735807621558,0.6173735807621558,1.376427163257743,0.0001462231887296136,1.590407854661879e-12,0.848058186662777,9.028867053897726e-05,7.807568439460313e-10
63,0.6075392465925854,0.6078396781902541,0.6078396781902541,0.6075330266375196,0.6078334551593854,0.6078334551593854,1.0132629040583303,0.0001234088151846813,5.265172120839485e-13,0.6155998246626211,7.507161328943406e-05,7.314518487024545e-10
64,0.5980034401269947,0.5982991562143691,0.5982991562143691,0.5979971235142073,0.5982928364779808,0.5982928364779808,1.3354890635549694,0.00016047664089783507,1.594869974344263e-12,0.7995396062179189,9.605731221800657e-05,7.786062807704394e-10
65,0.5884718223054827,0.5887628249538711,0.5887628249538711,0.588465412203402,0.5887564116819586,0.5887564116819586,0.7698221267154982,0.00017561486187457346,5.264760647590722e-13,0.45317004310760506,0.00010337823483035044,8.429292542406931e-10
66,0.5789490005065658,0.579235294065651,0.579235294065651,0.5789425001729421,0.5792287905175755,0.5792287905175755,0.9986416429337593,0.00018027253183609105,1.59825033039441e-12,0.5783318096945504,0.0001044218842653309,8.686307972632248e-10
67,0.5694395016461737,0.5697210927042244,0.5697210927042244,0.5694329144226055,0.5697145022232367,0.5697145022232367,0.9941778999801891,0.00024872215101809364,5.266680654037897e-13,0.5662327457072911,0.00014178569813517455,8.38925100068986e-10
68,0.5599477690406812,0.5602246663832109,0.5602246663832109,0.5599410983470827,0.5602179923909166,0.5602179923909166,1.1397210824166342,0.00018429689815743666,1.6003830824296895e-12,0.6378644103162855,0.00010326624848989249,7.498622988081586e-10
69,0.5504781594235395,0.5507503739904913,0.5507503739904913,0.5504714087525617,0.5507436199812685,0.5507436199812685,1.0523644331755952,0.0001683752217479833,5.27610932422825e-13,0.578737612306572,9.27971793945423e-05,9.705507765576995e-10
70,0.541034940117368,0.5413024849589001,0.5413024849589001,0.5410281130287843,0.5412956544942824,0.5412956544942824,0.874907686532143,0.00015970665408876787,1.603855341002323e-12,0.47345571522702146,8.652787447097693e-05,7.545762901760502e-10
71,0.5316222863630754,0.5318851765940262,0.5318851765940262,0.531615386478141,0.5318782732970597,0.5318782732970597,1.0965870844344356,0.00020811218230601492,5.263747685806827e-13,0.5821467420845508,0.00011068563374451368,7.01501268654253e-10
72,0.5222442788072817,0.5225025315603926,0.5225025315603926,0.5222373098030795,0.5224955591099785,0.5224955591099785,0.899855244815996,0.00023834681901164449,1.608589728202954e-12,0.46961799874302745,0.00012451165195890955,6.007427801916177e-10
73,0.5129049011490183,0.5131585355269923,0.5131585355269923,0.5128978667527989,0.5131514976522242,0.5131514976522242,1.0097873588136164,0.00017980058000553297,5.270397769730532e-13,0.5175422301311836,9.226376348056114e-05,6.722987421977052e-10
74,0.5036080379463945,0.5038570749728708,0.5038570749728708,0.5036009419299237,0.5038499754473796,0.5038499754473796,1.0953389992412343,0.00018896042256818688,1.6115258485383924e-12,0.5517586342343244,9.519014388342757e-05,8.249353283294621e-10
75,0.4943574725836349,0.49460193515315737,0.49460193515315737,0.4943503187575555,0.4945947777894705,0.4945947777894705,1.1065225438386281,0.00021021120568435832,5.274009129874702e-13,0.5473508068045186,0.00010404398577445346,7.334226724895248e-10
76,0.48515688539860097,0.4853967982256616,0.4853967982256616,0.4851496776068235,0.4853895868695903,0.4853895868695903,1.0237619393010233,0.0001818208180905899,1.6143527744097867e-12,0.49653016678498996,8.825338571229036e-05,7.26006265261378e-10
77,0.47600985197064916,0.476245241537884,0.476245241537884,0.47600259408477363,0.4762379800629429,0.4762379800629429,0.8290317714862505,0.000179582729445072,5.269726796793609e-13,0.39477015438185525,8.553266497421525e-05,8.054150953894415e-10
78,0.46691984156838584,0.46715073607400404,0.46715073607400404,0.4669125374821733,0.4671434283758796,0.4671434283758796,0.945054784857227,0.00021323879788378252,1.6192177175108626e-12,0.4410093379076109,9.955712803490474e-05,7.658872777530896e-10
79,0.45789021575663136,0.4581166450611549,0.4581166450611549,0.45788286938052697,0.4581092950522259,0.4581092950522259,0.9109782443684731,0.00019359711165777636,5.270993970931523e-13,0.417209757329802,8.870599559441184e-05,7.168892357381608e-10
80,0.44892422716163405,0.4491462227340269,0.4491462227340269,0.44891684241735336,0.4491388343379482,0.4491388343379482,0.8441004279894616,0.00018330414366402506,1.6233109976762205e-12,0.37894158608099565,8.227522870429385e-05,8.66586410640091e-10
81,0.44002501839332653,0.44024261325659114,0.44024261325659114,0.4400175992085137,0.4402351904029494,0.4402351904029494,0.9539670752019782,0.00022415180515575713,5.268887871740988e-13,0.4201354050102039,9.866361291302409e-05,6.605226360645034e-10
82,0.4311956211231711,0.43140884979948857,0.43140884979948857,0.43118817142613874,0.4314013964185388,0.4314013964185388,0.8880182942382672,0.00026182275694124605,1.626783580524313e-12,0.38303794952476544,0.00011295328353882346,8.417708370402122e-10
83,0.422438955315901,0.4226478537713915,0.4226478537713915,0.42243147903045447,0.4226403737888796,0.4226403737888796,1.1074299374581336,0.0002317363876903809,5.26967962730413e-13,0.4680908180244477,9.797129880667599e-05,8.282120099536594e-10
84,0.4137578286132353,0.41396243420241396,0.41396243420241396,0.41375032965359726,0.41395493153449797,0.41395493153449797,0.82217181798555,0.00022261074889592461,1.6305346874039057e-12,0.3398148143967739,9.215008964492288e-05,7.823980086076881e-10
85,0.4051549358674234,0.4053552872774249,0.4053552872774249,0.40514741813325694,0.4053477658256963,0.4053477658256963,0.7676901144808466,0.0002033839481611319,5.275313361344199e-13,0.31086325868432146,8.238281472284488e-05,8.119019675760605e-10
86,0.3966328588222605,0.39682899601690635,0.39682899601690635,0.39662532619380625,0.3968214596635246,0.3968214596635246,0.944516625534286,0.0002224820253221364,1.635273081785999e-12,0.3745774471224589,8.829663972470929e-05,8.29421064569239e-10
87,0.38819406593901196,0.38838603010279193,0.38838603010279193,0.3881865222723384,0.38837848270573233,0.38837848270573233,0.8164568541078272,0.00023305965027071594,5.263221657483239e-13,0.3168061994737589,9.05908799680584e-05,8.061300677472762e-10
88,0.379840912364491,0.38002874584652807,0.38002874584652807,0.37983336148686986,0.38002119123495515,0.38002119123495515,0.7949395755689904,0.00021110807666701795,1.6399144786622018e-12,0.3020281741424662,8.024138059578698e-05,7.235382932032369e-10
89,0.37157564003834487,0.371759386296414,0.371759386296414,0.3715680857437548,0.37175182826618247,0.37175182826618247,0.7928026692025582,0.000216878260008451,5.273924417151989e-13,0.2946419266259622,8.058494149042468e-05,8.725694806738529e-10
90,0.363400377936431,0.36358008148109777,0.36358008148109777,0.3633928239811951,0.3635725237903883,0.3635725237903883,1.0667063122567548,0.00024422841343707525,1.643256895553428e-12,0.3874523489848057,8.879130620253189e-05,8.147684756706819e-10
91,0.35531714244700024,0.3554928487859458,0.3554928487859458,0.3553095925455641,0.3554852951510405,0.3554852951510405,0.7983971201657872,0.00024008960796947936,5.26909649987477e-13,0.2833490436427512,8.53345679487007e-05,6.20154262223936e-10
92,0.3473278378762434,0.3474995934588387,0.3474995934588387,0.34732029569709494,0.34749204755003993,0.34749204755003993,0.8469823039337973,0.00023017156782442112,1.6477364589679947e-12,0.294117668595649,7.995812788991046e-05,6.982510926170698e-10
93,0.3394342570796138,0.3396021092418073,0.3396021092418073,0.33942672624135517,0.3395945746795065,0.3395945746795065,0.755708292330985,0.0002305772885529206,5.27496656119929e-13,0.2564761923091332,7.826359016216254e-05,7.483949698115038e-10
94,0.33163808221520574,0.3318020791247824,0.3318020791247824,0.3316305662827745,0.33179455947568004,0.33179455947568004,0.9662739553781021,0.0002360920543934796,1.652950123643896e-12,0.32043502009663555,7.829908826450424e-05,6.57290176947193e-10
95,0.32394088561533835,0.32410107621761053,0.32410107621761053,0.3239333880963862,0.3240935749910928,0.3240935749910928,0.8502390048798082,0.00019867151827297478,5.265854569862295e-13,0.2756900618027882,6.445751194185154e-05,7.212272341613667e-10
96,0.31634413077237944,0.3165005647363647,0.3165005647363647,0.31633665511381054,0.3164930853810404,0.3164930853810404,0.6537291939690385,0.00023698776880709825,1.657670468691276e-12,0.20649431065084148,7.49974533700604e-05,7.536793307861773e-10
97,0.30884917343474527,0.3090019010998864,0.3090019010998864,0.3088417230194153,0.30899444700028383,0.30899444700028383,0.6985476026634284,0.00019749183874035134,5.272562783256268e-13,0.21556088962910533,6.094233212636472e-05,7.714754593420521e-10
98,0.3014572628089088,0.3016063351323883,0.3016063351323883,0.3014498409524903,0.30159890960581975,0.30159890960581975,0.6827680918579796,0.00020711038126178393,1.6612643435988853e-12,0.20611655959343775,6.243996058685022e-05,8.084204020282079e-10
99,0.2941695428631723,0.2943150113678714,0.2943150113678714,0.29416215281118396,0.2943076176614606,0.2943076176614606,0.7541001139982872,0.00025348558015322913,5.273015295181291e-13,0.2218643166946147,7.458266199168158e-05,7.88202033050497e-10
100,0.2869870537288823,0.2871289704520332,0.2871289704520332,0.28697969865388945,0.28712161173991413,0.28712161173991413,0.7723195649056555,0.00022807444029456983,1.6664429269025148e-12,0.2213353689546692,6.548088160943315e-05,8.110401837862748e-10
101,0.27991073319470255,0.28004915063727925,0.28004915063727925,0.27990341619368403,0.2800418300179623,0.2800418300179623,0.6511063546808636,0.0002291972016927548,5.271251714898118e-13,0.18230027657666945,6.417752520083354e-05,5.910433318228938e-10
102,0.27294141828950613,0.2730763893663981,0.2730763893663981,0.272934142381394,0.2730691098603082,0.2730691098603082,0.699099719161626,0.00023405289538505644,1.6719927479875665e-12,0.19092778334551008,6.390530255889015e-05,8.470357516983447e-10
103,0.26607984694940645,0.26621142494041655,0.26621142494041655,0.26607261507279384,0.26620418948760005,0.26620418948760005,0.7446802803957739,0.00022540082049118764,5.269074074314217e-13,0.1979632593461193,5.9939353996812315e-05,8.348515566133387e-10
104,0.25932665976441005,0.25945489826611684,0.25945489826611684,0.2593194747754329,0.25944770972412207,0.25944770972412207,0.6333414220088279,0.00022148644710333234,1.6766903441121157e-12,0.16423191122048775,5.739574733465764e-05,7.89569710699072e-10
105,0.2526824018001523,0.25280735467867227,0.25280735467867227,0.25267526647053984,0.25280021582059886,0.25280021582059886,0.5437015850627689,0.0002189326477754842,5.270251615791984e-13,0.1372703885772883,5.532181737692149e-05,7.927665067358592e-10
106,0.2461475244901617,0.24626924583484774,0.24626924583484774,0.24614044150545805,0.24626215934756807,0.24626215934756807,0.6263050698433521,0.00019819452564794803,1.6809200219121027e-12,0.1541297508044045,4.878281405204819e-05,8.768462526025536e-10
107,0.23972238759409234,0.23984093167220052,0.23984093167220052,0.23971535955204787,0.23983390015474948,0.23983390015474948,0.6848819105978377,0.00022058449946514162,5.277756213285059e-13,0.16441671157187898,5.2885808433205524e-05,8.01425637308558e-10
108,0.23340726121736888,0.23352268242972402,0.23352268242972402,0.23340029062649853,0.23351570839185698,0.23351570839185698,0.7396209686329209,0.0002267360761135125,1.6868132010696045e-12,0.17259766378844946,5.29127931080929e-05,7.964014653677181e-10
109,0.2272023278877,0.22731468072538774,0.22731468072538774,0.22719541716601044,0.22730776658630725,0.22730776658630725,0.7783431952154507,0.00025897486177023984,5.264462546857661e-13,0.17647514176215023,5.8865714995783676e-05,7.035842890077685e-10
110,0.22110768468393738,0.22121702368604962,0.22121702368604962,0.221100836157818,0.22121017177329527,0.22121017177329527,0.744516448016202,0.0002055829899719243,1.6924831707226015e-12,0.16449301308793962,4.539472580464952e-05,8.285220096533389e-10
111,0.2151233454127872,0.21522972512524316,0.21522972512524316,0.21511656131606463,0.21522293767374634,0.21522293767374634,0.7810336831065988,0.0002361464678927884,5.273572177051494e-13,0.16802680356468644,5.0798346728752064e-05,7.629978441125294e-10
112,0.20924924282891655,0.2093527177643823,0.2093527177643823,0.20924252530206944,0.20934599691568012,0.20934599691568012,0.7293918815155532,0.00020180173664838903,1.69698813058542e-12,0.1526826356970942,4.222450739169712e-05,6.984365259538428e-10
113,0.2034852308940449,0.20358585549296976,0.20358585549296976,0.20347858198357768,0.20357920329457868,0.20357920329457868,0.6380782535582622,0.00022056529903313757,5.27212612916407e-13,0.12976365454820513,4.4921916114681144e-05,8.531429757328757e-10
114,0.1978310870706598,0.19792891566344709,0.19792891566344709,0.19782450872863128,0.1979223340683912,0.1979223340683912,0.5935100500160018,0.00018424402576192335,1.7024019730827533e-12,0.11751354935473488,3.6447517311535065e-05,6.312522780241678e-10
115,0.19228651464605878,0.19238160141638558,0.19238160141638558,0.1922800087297627,0.19237509228287708,0.19237509228287708,0.6977066174482218,0.0002123239585744951,5.273987573951305e-13,0.1340603134527543,4.0824542073085936e-05,8.091786734673714e-10
116,0.1868511450824823,0.1869435440317818,0.1869435440317818,0.18684471335427733,0.18693710912305084,0.18693710912305084,0.6078215758086489,0.00018900913155174047,1.7085256202230442e-12,0.11363960508261285,3.532707820344157e-05,8.180163371947033e-10
117,0.18152454038917795,0.18161430530229442,0.18161430530229442,0.18151818451646345,0.18160794628656485,0.18160794628656485,0.68942509781129,0.0001917439636662239,5.26828841969625e-13,0.12519754032074926,3.4808308874491796e-05,7.451893164035042e-10
118,0.1763061955123133,0.17639337992433893,0.17639337992433893,0.17629991706764586,0.17638709837494507,0.17638709837494507,0.7556654513085331,0.00023167659479622795,1.7139382555964624e-12,0.1329815511628989,4.0852750415625406e-05,7.089911643725485e-10
119,0.17119554073873935,0.17128019790304003,0.17128019790304003,0.17118934120008833,0.1712739952986821,0.1712739952986821,0.6975840487747078,0.0002110193921362696,5.272816029757499e-13,0.11927676727682543,3.613333799836759e-05,7.119582063208275e-10
120,0.16619194410969712,0.1662741269671316,0.1662741269671316,0.16618582486083308,0.16626800469226435,0.16626800469226435,0.6584251492481612,0.00019899283811119158,1.7191435244512936e-12,0.10936457620377904,3.3041572101596326e-05,6.407289277162405e-10
121,0.16129471384065366,0.16137447498998925,0.16137447498998925,0.16128867617166687,0.16136843433534093,0.16136843433534093,0.5638263118697634,0.000199861087682481,5.275892541495702e-13,0.0907511944136267,3.225247068013171e-05,6.832316855704368e-10
122,0.15650310074355492,0.15658049241308117,0.15658049241308117,0.15649714585149904,0.15657453457629741,0.15657453457629741,0.7439262761974337,0.0002271697679846164,1.7250754223909115e-12,0.11641764670703417,3.5526767648562174e-05,7.404192428487809e-10
123,0.15181630064788518,0.15189137466822483,0.15189137466822483,0.1518104296375417,0.15188550075463347,0.15188550075463347,0.6367303508044111,0.00018841783621297101,5.272444457691505e-13,0.09664528330158784,2.859764237306513e-05,7.267839560819601e-10
124,0.1472334568170321,0.1473062645951467,0.1473062645951467,0.14722767070179107,0.14730047561863893,0.14730047561863893,0.7022815326763644,0.00020479156819541445,1.731647430049982e-12,0.10330407855296914,3.0113213858132383e-05,7.749591041251085e-10
125,0.14275366235656692,0.14282425485095376,0.14282425485095376,0.14274796205941878,0.1428185517349764,0.1428185517349764,0.6377995852696365,0.00017341541611066446,5.268424228732348e-13,0.09099651652072302,2.4815166392239897e-05,8.344619082259837e-10
126,0.13837596261116528,0.138444390308239,0.138444390308239,0.1383703489657999,0.13843877388689416,0.13843877388689416,0.6209490823950881,0.00021668853584484726,1.7370944281680633e-12,0.085878906955104,3.0016052307723178e-05,7.02037353454335e-10
127,0.1340993575470112,0.13416567043866412,0.13416567043866412,0.13409383129901817,0.13416014145791016,0.13416014145791016,0.5516125874578923,0.00019345579096573476,5.274016233164607e-13,0.07392507198418179,2.5913431837705583e-05,7.753974717380434e-10
128,0.12992280411664686,0.1299870516789785,0.1299870516789785,0.12991736592481318,0.12998161079792817,0.12998161079792817,0.5614792957967517,0.0001747075573627161,1.7426394844331809e-12,0.07296053736535113,2.2695625503078754e-05,8.18524722726206e-10
129,0.12584521860335487,0.12590744977656063,0.12590744977656063,0.1258398690410542,0.12590209756887108,0.12590209756887108,0.5777404743507594,0.00019032465650592914,5.273598095982469e-13,0.07256087415151717,2.394034033393103e-05,6.511905452981785e-10
130,0.1218654789422828,0.1219257421116906,0.1219257421116906,0.1218602184989517,0.12192047906704052,0.12192047906704052,0.5969550554603872,0.00018731588693682774,1.7490152136370644e-12,0.07269115251089078,2.282990327154276e-05,7.920007166173761e-10
131,0.1179824270156463,0.11804076999388838,0.11804076999388838,0.11797725609834257,0.11803559651953677,0.11803559651953677,0.6088524694221416,0.00019001585008562077,5.273972481350029e-13,0.07166069571151178,2.2407012575563208e-05,6.635797547674131e-10
132,0.11419487091947535,0.11425134092978058,0.11425134092978058,0.11418978985451274,0.11424625735220259,0.11424625735220259,0.6845467364162343,0.00018858380726270084,1.7558884537886799e-12,0.07810754593749379,2.1544663602025997e-05,6.521971337850589e-10
133,0.11050158719949524,0.11055623086008749,0.11055623086008749,0.11049659623415009,0.11055123742668171,0.11055123742668171,0.5986241667978708,0.0001671813294712372,5.273151217313353e-13,0.06603858663040467,1.843839721280468e-05,7.130526320688764e-10
134,0.10690132305386392,0.10695418636344943,0.10695418636344943,0.10689642235814886,0.1069492832443126,0.1069492832443126,0.5605451934128737,0.00017803587646885116,1.761222620493877e-12,0.05996926371266795,1.9022999345808005e-05,6.992559390372472e-10
135,0.10339279850061575,0.10344392682494244,0.10344392682494244,0.10338798816911458,0.10343911411470513,0.10343911411470513,0.5750059231457897,0.00016423619431671493,5.277645311102049e-13,0.059458781967262224,1.6979411646142515e-05,7.280467418275269e-10
136,0.09997470850779183,0.10002414656726195,0.10002414656726195,0.09996998856155141,0.10001942428698138,0.10001942428698138,0.5771891847177762,0.00017130460165090675,1.7672613811988665e-12,0.05769124372796163,1.7096323127377107e-05,8.111263635565901e-10
137,0.09664572508436536,0.09669351694268201,0.09669351694268201,0.09664109547283921,0.09668888504178674,0.09668888504178674,0.5838956219047202,0.00015762174775290616,5.274325891471425e-13,0.056426332343491335,1.5239064785308599e-05,8.024094347544175e-10
138,0.09340449933020015,0.09345068838402773,0.09345068838402773,0.0933999599332387,0.09344614674230875,0.09344614674230875,0.6209967042853852,0.00017625019262970836,1.7741840484356816e-12,0.057843306813823166,1.6448941007812883e-05,7.591496613336508e-10
139,0.0902496634434061,0.09029429241302321,0.09029429241302321,0.09024521407328917,0.09028984084266756,0.09028984084266756,0.5493863265339605,0.00016686209773372605,5.27122518133129e-13,0.04958384872665831,1.5078271613352227e-05,7.332139894808004e-10
140,0.08717983268358505,0.08722294360450832,0.08722294360450832,0.08717547308709193,0.08721858185217005,0.08721858185217005,0.6067740110051659,0.00016597825115659544,1.7809273549037848e-12,0.05283495195097562,1.4467518334440335e-05,8.699287592904124e-10
141,0.08419360728958282,0.08423524150513906,0.08423524150513906,0.08418933715009407,0.08423096925404215,0.08423096925404215,0.5645139585959124,0.0001646009524797871,5.272233235835334e-13,0.047426425455757995,1.3855772367062528e-05,6.69511103206871e-10
142,0.0812895743504896,0.08132977250531317,0.08132977250531317,0.08128539329011739,0.08132558937738293,0.08132558937738293,0.5993943716120609,0.0001630325763740104,1.7865367763455772e-12,0.048663810112977955,1.3239566787710422e-05,7.284215861392858e-10
143,0.07846630962875134,0.07850511166318312,0.07850511166318312,0.07846221721049332,0.07850101722120109,0.07850101722120109,0.6473580887678327,0.00015795750986008077,5.277633533335934e-13,0.05082674434916924,1.2373923334820121e-05,7.313226869037143e-10
144,0.07572237933437607,0.07575982447973961,0.07575982447973961,0.07571837506428808,0.07575581822951738,0.07575581822951738,0.6244142258656864,0.00016376752442603837,1.7934841403843466e-12,0.04723875019680562,1.2396825602182598e-05,6.40624836608555e-10
145,0.07305634184933635,0.0730924686240669,0.0730924686240669,0.07305242517871975,0.07308855001663453,0.07308855001663453,0.5119789356937174,0.00013603095720638857,5.275517260019587e-13,0.03725562458945522,9.936052324160114e-06,7.744556034132778e-10
146,0.07046674940138542,0.07050159560798674,0.07050159560798674,0.07046291972898504,0.07049776404179169,0.07049776404179169,0.5626125584544929,0.00017169782942564325,1.800130821148136e-12,0.039606633268538194,1.2088716115689663e-05,7.25840000577839e-10
147,0.06795214968661743,0.06798575240942074,0.06798575240942074,0.06794840636082645,0.06798200723253398,0.06798200723253398,0.5229982084131991,0.00013318773221228866,5.275546525757784e-13,0.03557888966887535,9.0523749402648e-06,7.735535321201845e-10
148,0.06551108744021336,0.06554348304391316,0.06554348304391316,0.06550742976127982,0.06553982355623668,0.06553982355623668,0.48760474040525664,0.0001446430035626011,1.8072079824276576e-12,0.03196989971081431,9.46798774412345e-06,7.242000031755757e-10
149,0.06314210595492058,0.06317333008386138,0.06317333008386138,0.06313853317715341,0.06316975553933538,0.06316975553933538,0.5662584442889695,0.0001274303984713376,5.275464133320327e-13,0.035715972868269566,8.048211051808745e-06,6.736337798948369e-10
150,0.06084374854692095,0.0608738361251089,0.0608738361251089,0.06084025988089043,0.060870345733913284,0.060870345733913284,0.4926900003148296,0.00014083264806933978,1.813429239545022e-12,0.02993098958846425,8.561343213509318e-06,7.065440307752812e-10
151,0.05861455996884201,0.05864354520065519,0.05864354520065519,0.05861115458357214,0.05864013813140303,0.05864013813140303,0.5788015805198435,0.00016463075822259387,5.279086951942775e-13,0.03392024439751023,9.634447261857733e-06,7.681461805535275e-10
152,0.056453087769766236,0.056481004141337506,0.056481004141337506,0.05644976479491464,0.05647767952325603,0.05647767952325603,0.5292599197660417,0.00011741477570472682,1.820494385768303e-12,0.02976923745391318,6.608099828176768e-06,7.124482701952487e-10
153,0.05435788360218683,0.05438476388343301,0.05438476388343301,0.054354642130209775,0.05438152080852971,0.05438152080852971,0.43665476812241233,0.00011041182108050132,5.274353088832831e-13,0.023674216082900258,5.999373643914876e-06,8.113357551223512e-10
154,0.05232750447595222,0.05235338072322333,0.05235338072322333,0.05232434356425098,0.05235021824843335,0.05235021824843335,0.5596695943201666,0.00013316931371389287,1.828141063544483e-12,0.029271746195150567,6.969621319570457e-06,7.723387164065211e-10
155,0.05036051395932855,0.050385417518650985,0.050385417518650985,0.050357432632374674,0.05038233466796348,0.05038233466796348,0.6430759832608759,0.0001465009385298747,5.274849071723321e-13,0.03237961774683406,7.3649282965485645e-06,7.628982017383332e-10
156,0.0484554833273953,0.048479444838282884,0.048479444838282884,0.04845248057883133,0.04847644060484275,0.04847644060484275,0.5159125126169481,0.00012882270386897678,1.83444369301717e-12,0.02498067435848678,6.236496911766786e-06,6.233514098646295e-10
157,0.04661099265806996,0.046634042057877016,0.046634042057877016,0.046608067452783376,0.04663111540605985,0.04663111540605985,0.6446259036404012,0.00012074500588852565,5.275147504301287e-13,0.03011145723649669,5.619875807772219e-06,7.119679406104426e-10
158,0.044825631876135835,0.04484779840492651,0.04484779840492651,0.04482278315230359,0.044844948272384194,0.044844948272384194,0.4901632045282155,0.00011120210578846616,1.8412633537060374e-12,0.021929862343353503,4.986346139866719e-06,8.947826781116173e-10
159,0.043098001745721266,0.043119313951629636,0.043119313951629636,0.04309522841682217,0.0431165392513037,0.0431165392513037,0.5104688105103706,0.00011151446164599672,5.276643985965417e-13,0.021993442645040624,4.799638024264822e-06,7.659118858170237e-10
160,0.04142671481174861,0.04144720055680436,0.04144720055680436,0.04142401576854192,0.04144450017890553,0.04144450017890553,0.5057583790059269,0.00010326291202442456,1.8488253725866804e-12,0.020948202785123153,4.2690257856652274e-06,7.627872310196796e-10
161,0.03981039629093838,0.039830082757333095,0.039830082757333095,0.03980777040340599,0.039827455571284455,0.039827455571284455,0.47880694396001555,0.00011503238420485222,5.276397406354073e-13,0.0190324142590923,4.57364952760034e-06,7.182630831331858e-10
162,0.038247684913017256,0.03826659860978663,0.03826659860978663,0.038245131032267524,0.03826404346612841,0.03826404346612841,0.5033020213898612,0.00011711289090338165,1.856362532772275e-12,0.01924295933548967,4.481268851613372e-06,7.518561390723999e-10
163,0.03673723371283728,0.03675540048293515,0.03675540048293515,0.0367347506729692,0.03675291621518979,0.03675291621518979,0.46871349559213754,9.066212409799239e-05,5.271936359348337e-13,0.017220658936560572,3.325219389765236e-06,7.752838077220858e-10
164,0.03527771077417057,0.03529515580191064,0.03529515580191064,0.03527529739409595,0.035292741228405894,0.035292741228405894,0.5984199629718402,0.00010506099155988677,1.8632202200268055e-12,0.021071265759511296,3.6990809664615267e-06,8.021851714069181e-10
165,0.03386779992599424,0.03388454774483616,0.03388454774483616,0.03386545501121683,0.03388220167048512,0.03388220167048512,0.4889224216468798,9.769747584160768e-05,5.279847481252927e-13,0.016520184822840882,3.299100802782145e-06,6.727184150414167e-10
166,0.03250620139213048,0.03252227589278728,0.03252227589278728,0.032503923736480526,0.03251999711082371,0.03251999711082371,0.48084577333472583,9.880525351654698e-05,1.8703171600359372e-12,0.015564140864013065,3.208832150638412e-06,7.009707622783552e-10
167,0.03119163239515025,0.03120705683399421,0.03120705683399421,0.031189420782473037,0.03120484412766201,0.03120484412766201,0.4306793073511322,9.052335042110796e-05,5.280046288671254e-13,0.013372727172916913,2.8198985530621142e-06,7.896241320584665e-10
168,0.029922827715490808,0.029937624723235988,0.029937624723235988,0.02992068092128861,0.0299354768674319,0.0299354768674319,0.5115964960742803,0.00010468120005723447,1.8782816398509476e-12,0.015303487766209762,3.1297618718557124e-06,8.193811943538993e-10
169,0.028698540206775546,0.02871273179741507,0.02871273179741507,0.02869645699980117,0.02871064756028304,0.02871064756028304,0.566561001436832,9.737360940289752e-05,5.276351365895035e-13,0.016250155287899904,2.784174390451083e-06,7.445395203561065e-10
170,0.02751754126835806,0.02753114884833505,0.02753114884833505,0.027515520412160047,0.02752912699281221,0.02752912699281221,0.47132185205309834,9.512011836188785e-05,1.8855812024129497e-12,0.01296827828504833,2.6070290880810478e-06,7.463728957507333e-10
171,0.02637862127614438,0.02639166565373602,0.02639166565373602,0.026376661530562458,0.026389704939048807,0.026389704939048807,0.5025403461669372,9.448413831215769e-05,5.279067205874117e-13,0.01321952942113261,2.4825361726316124e-06,7.348333338351556e-10
172,0.02528058997277436,0.02529309136766881,0.02529309136766881,0.025278690095384915,0.025291190550779236,0.025291190550779236,0.4612556143446406,9.423584498728433e-05,1.8925727586461743e-12,0.01167071346895102,2.384792656576361e-06,7.438030258589776e-10
173,0.02422227681826787,0.024234254871314656,0.024234254871314656,0.024220435565778766,0.024232412708315765,0.024232412708315765,0.5252619281977603,9.440761960921628e-05,5.281756310300255e-13,0.01263771511139779,2.287935062063513e-06,7.223722175217247e-10
174,0.023202531302262946,0.02321400508537769,0.02321400508537769,0.02320074743185747,0.0232122203328382,0.0232122203328382,0.4646483164797882,9.328293872220346e-05,1.900221317322811e-12,0.010790747531093589,2.1580436963553392e-06,8.299828272246774e-10
175,0.022220223218991114,0.0222312112451963,0.0222312112451963,0.02221849548962074,0.02222948266145397,0.02222948266145397,0.45355279478654736,8.680705855086554e-05,5.281626237443799e-13,0.010080057192485897,1.9272732747148268e-06,6.876986161371127e-10
176,0.0212742429061506,0.021284763139734417,0.021284763139734417,0.021272570079776322,0.021283089486138024,0.021283089486138024,0.45700759850724515,8.107785141718645e-05,1.9085608324230055e-12,0.00968696205861491,1.7240727984379333e-06,6.552519164967171e-10
177,0.020363501448850203,0.020373571315626254,0.020373571315626254,0.020361882291632594,0.020371951357726233,0.020371951357726233,0.46964167143311103,8.605459817698905e-05,5.278675627192669e-13,0.009536856982340835,1.743888847001417e-06,7.792996902129647e-10
178,0.019486930849806856,0.01949656724745804,0.01949656724745804,0.019485364133244833,0.01949499975614581,0.01949499975614581,0.48882363221158287,7.991062985954039e-05,1.9158436837288324e-12,0.009519398568292368,1.5540519882089871e-06,8.225467788643876e-10
179,0.018643484166985996,0.01865270347547646,0.01865270347547646,0.01864196866900433,0.018651187228072463,0.018651187228072463,0.452350763228679,7.352012763274892e-05,5.28233257916551e-13,0.008452682875208617,1.3680551897825842e-06,7.91138897804394e-10
180,0.017832135619879057,0.017840953711918663,0.017840953711918663,0.017830670125865044,0.01783948749320956,0.01783948749320956,0.4928410941420767,7.28258796403723e-05,1.9235287144320904e-12,0.00874972884024971,1.294529908742023e-06,6.888938564236077e-10
181,0.017051880665613445,0.01706031291715993,0.01706031291715993,0.017050463969403074,0.017058895520385257,0.017058895520385257,0.45842419230298037,6.845218178970986e-05,5.280627903004393e-13,0.007806570745457005,1.16129425444337e-06,7.543785021999917e-10
182,0.016301736046090524,0.016309797346874908,0.016309797346874908,0.01630036695090432,0.016308427574663387,0.016308427574663387,0.48851977984617356,6.250003542086497e-05,1.9314206131748233e-12,0.007956314823271124,1.0147711193413826e-06,7.113227200441524e-10
183,0.01558073980734356,0.015588444571405199,0.015588444571405199,0.015579417126672995,0.015587121236661556,0.015587121236661556,0.49379258134721926,7.198505547840325e-05,5.281217030667894e-13,0.00765497286764632,1.1165858265153828e-06,7.03150828492464e-10
184,0.014887951292303307,0.014895313468521304,0.014895313468521304,0.014886673850747956,0.014894035395263867,0.014894035395263867,0.3969403509303892,6.708937663303622e-05,1.9397389360247106e-12,0.005887310917079561,9.956394745955176e-07,7.656145842758419e-10
185,0.014222451108151174,0.014229484190759669,0.014229484190759669,0.01422121774220749,0.014228250214909543,0.014228250214909543,0.5158860212201636,6.61098508624552e-05,5.278920688248191e-13,0.007325783237475518,9.336118514382812e-07,7.13998595516185e-10
186,0.013583341069431182,0.013590058108506529,0.013590058108506529,0.0135821506282336,0.013588867078629031,0.013588867078629031,0.4650471881939092,5.577836464504433e-05,1.9473569389719713e-12,0.006300881182512692,7.57383872859385e-07,8.362654700218864e-10
187,0.01296974411808101,0.012976157729989385,0.012976157729989385,0.012968595464095949,0.012975008507988422,0.012975008507988422,0.45831192336767473,6.135789695331845e-05,5.282090563321721e-13,0.00591016598875126,7.942504539039975e-07,8.253961204016037e-10
188,0.012380804221529413,0.012386926599324034,0.012386926599324034,0.01237969623120333,0.01238581806109046,0.01238581806109046,0.3934142908870502,5.9397901141721763e-05,1.9552962162423854e-12,0.004828743439310489,7.355781189328708e-07,7.281002661325662e-10
189,0.011815686249993521,0.011821529173751202,0.011821529173751202,0.011814617814355496,0.011820460209765701,0.011820460209765701,0.4164809439225947,5.1925833675063026e-05,5.281497080480102e-13,0.004919895768139125,6.107482572479443e-07,7.159823712428931e-10
190,0.011273575834092962,0.011279150681180244,0.011279150681180244,0.011272545859313107,0.01127812019707203,0.01127812019707203,0.4560000632549845,5.8140985317249174e-05,1.963524041531383e-12,0.005143331836842671,6.576443342965051e-07,7.042688957522724e-10
191,0.010753679203881017,0.010758996959140713,0.010758996959140713,0.010752686611785463,0.01075800387620275,0.01075800387620275,0.41472566104682074,5.3906203811302615e-05,5.278847648497543e-13,0.004441613105766835,5.804471445509725e-07,7.779944435074508e-10
192,0.010255223010374013,0.010260294276223481,0.010260294276223481,0.010254266738917509,0.010259337531885326,0.010259337531885326,0.3928741423636609,5.3681425082465514e-05,1.9718244540025946e-12,0.004003571480646047,5.529894678247746e-07,6.915949332252381e-10
193,0.009777454130640392,0.009782289137073437,0.009782289137073437,0.009776533134337616,0.00978136768533277,0.00978136768533277,0.4574107039510177,5.48810174665644e-05,5.279106793822736e-13,0.004476920655144723,5.344843903297722e-07,7.876568565496206e-10
194,0.009319639457489731,0.009324248071974498,0.009324248071974498,0.009318752707806426,0.009323360883788451,0.009323360883788451,0.42690091807635744,5.7415445200904305e-05,1.9795374211728857e-12,0.003964597600837947,5.341533268081916e-07,7.412696765896261e-10
195,0.0088810656747802,0.008885457412045966,0.008885457412045966,0.008880212160485106,0.008884603475683222,0.008884603475683222,0.40932408258506403,4.933084021931894e-05,5.283897722676945e-13,0.003640215431448135,4.390964265923147e-07,7.314262708169234e-10
196,0.008461039019339499,0.008465223051045722,0.008465223051045722,0.008460217746818332,0.008464401372400643,0.008464401372400643,0.4616385031429413,5.67819454071403e-05,1.987933405655572e-12,0.003901058083822006,4.783488949058857e-07,8.273709371978537e-10
197,0.008058885030470843,0.008062870194752348,0.008062870194752348,0.008058095024003465,0.0080620797976223,0.0080620797976223,0.3473543960022532,4.8350542783838976e-05,5.285605654914742e-13,0.002816889942580235,3.904829814183359e-07,7.269137510302612e-10
198,0.007673948287990747,0.007677743098873368,0.007677743098873368,0.007673188589992614,0.0076769830252002725,0.0076769830252002725,0.4101305904172808,5.221940465107734e-05,1.996468302390043e-12,0.0031936322907533546,4.0021313264962926e-07,7.485821622614073e-10
199,0.00730559213971998,0.007309204796401441,0.007309204796401441,0.007304861810949189,0.0073084741064789365,0.0073084741064789365,0.42335609937308627,3.997888908946567e-05,5.280417868396306e-13,0.003100295136919663,2.9093586003281247e-07,7.293415323213542e-10
200,0.006953198419323522,0.006956636815314796,0.006956636815314796,0.006952496539054517,0.006955934587962022,0.006955934587962022,0.42118729975493013,4.513330305862057e-05,2.004788419926661e-12,0.0029215967361094523,3.1169243040456245e-07,6.691046799321585e-10
201,0.006616167155368524,0.0066194388874913105,0.0066194388874913105,0.006615492821533775,0.006618764220194662,0.006618764220194662,0.3816257604678335,5.0646739133976324e-05,5.282687501687951e-13,0.002521785867833154,3.360023393686595e-07,7.543426887728586e-10
202,0.006293916272442889,0.006297028649679304,0.006297028649679304,0.006293268601743691,0.0062963806587032775,0.0062963806587032775,0.3571822282893537,4.5017879415357944e-05,2.012630755182318e-12,0.002262894849753355,2.8364771986088264e-07,7.927725402908146e-10
203,0.00598588128514968,0.005988841337340611,0.005988841337340611,0.005985259413137336,0.005988219157809036,0.005988219157809036,0.36128243035597096,5.190372779009553e-05,5.284570319378433e-13,0.0021632140142802355,3.114422113639252e-07,7.762881081555539e-10
204,0.005691514985765383,0.005694329472154402,0.005694329472154402,0.005690918066893928,0.005693732258103185,0.005693732258103185,0.3118398778975638,4.889799774744479e-05,2.0216969517484143e-12,0.0017757701624052196,2.7537796180185145e-07,7.785022957827418e-10
205,0.005410287126322195,0.005412962543942248,0.005412962543942248,0.005409714333973943,0.005412389468344936,0.005412389468344936,0.4364495001671877,4.849949351940052e-05,5.281366501960807e-13,0.0023667169294934185,2.628050801116561e-07,8.07075938149938e-10
206,0.005141684095847164,0.005144226687747666,0.005144226687747666,0.005141134622332219,0.005143676942514957,0.005143676942514957,0.3453169157916419,4.67233716908034e-05,2.0305008713582307e-12,0.0017846474458752379,2.4003032244060136e-07,8.068954522739736e-10
207,0.004885208593462859,0.004887624356775125,0.004887624356775125,0.004884681649993827,0.004887097152729563,0.004887097152729563,0.3283504494427887,5.064787101624826e-05,5.282715487504034e-13,0.001610342642058855,2.456275420200199e-07,7.629809886474145e-10
208,0.004640379298026763,0.004642673991866074,0.004642673991866074,0.0046398741146698565,0.004642168558693136,0.004642168558693136,0.4147948612882634,4.3908494841807904e-05,2.0388028137909965e-12,0.0019091431771499543,2.0357930608184675e-07,7.079677555414494e-10
209,0.004406730534958773,0.004408909688161696,0.004408909688161696,0.004406246360562462,0.004408425274338403,0.004408425274338403,0.40252891211704295,4.1847771739072395e-05,5.284350159537998e-13,0.0017697402077403944,1.836654619496921e-07,7.397538308344379e-10
210,0.004183811940878647,0.0041858808595745065,0.0041858808595745065,0.004183348042981025,0.004185416732276748,0.004185416732276748,0.33101505232441353,4.771563406032556e-05,2.0468151544111644e-12,0.0013887920970132193,2.0057482191197115e-07,7.195356367264959e-10
211,0.003971188126647798,0.0039731519016635245,0.0039731519016635245,0.003970743791363856,0.003972707346653269,0.003972707346653269,0.4320754420493104,4.1444914712176397e-05,5.287059415941543e-13,0.0017131381437097794,1.6537564904120795e-07,8.327063378603734e-10
212,0.0037684383393827483,0.00377030185348059,0.00377030185348059,0.0037680128712726055,0.003769876174974057,0.003769876174974057,0.3433204190402312,4.444918920475412e-05,2.0558284911292e-12,0.0012979284526989682,1.67620754695328e-07,6.923603323538405e-10
213,0.0035751561239806286,0.003576924058928481,0.003576924058928481,0.0035747488458999135,0.003576516579446449,0.003576516579446449,0.37901763658330795,4.888337898849172e-05,5.282998472818302e-13,0.001358812611862046,1.7450391868905337e-07,7.593838051404369e-10
214,0.003390948984670507,0.0033926258281448867,0.0033926258281448867,0.00339055923760392,0.0033922358883461674,0.0033922358883461674,0.33949715997433283,4.717449042864738e-05,2.0646585131919525e-12,0.0011475800988709015,1.574187011585037e-07,7.06113088111333e-10
215,0.0032154380470781254,0.0032170280994000236,0.0032170280994000236,0.003215065189957297,0.0032166550578992376,0.0032166550578992376,0.3331836885725842,4.948556217813732e-05,5.284745098363001e-13,0.0010558900047999966,1.6066020953753534e-07,8.269049483138729e-10
216,0.0030482577212658972,0.0030497651019700126,0.0030497651019700126,0.003047901130772552,0.003049408335140649,0.003049408335140649,0.364825140675957,4.462923935564203e-05,2.0731836800002995e-12,0.0011115398505126119,1.3657393692105298e-07,8.292102959143108e-10
217,0.0028890553661844766,0.0028904840204225105,0.0028904840204225105,0.002888714436539958,0.002890142922186352,0.002890142922186352,0.34986459433277706,4.970916134640271e-05,5.285432795822748e-13,0.0010155140567890196,1.4368967798120792e-07,7.685457318371158e-10
218,0.002737490955947488,0.0027388446607264165,0.0027388446607264165,0.0027371650986896187,0.002738518642330289,0.002738518642330289,0.3704295312905406,5.1258415194534504e-05,2.0818140133199293e-12,0.001027852910825473,1.4065511504838054e-07,7.966347108158467e-10
219,0.002593236748316403,0.00259451911857281,0.00259451911857281,0.0025929253920646644,0.0025942076083536416,0.0025942076083536416,0.3357252691494441,5.429708683004781e-05,5.285074718795204e-13,0.0008816410460062423,1.4102196334189122e-07,6.670769714747269e-10
220,0.0024559769557588322,0.0024571914502705774,0.0024571914502705774,0.0024556795459688093,0.0024568938934097294,0.0024568938934097294,0.34997780894879776,4.875018492071899e-05,2.0911038907832867e-12,0.0008670421342809952,1.1951221233548693e-07,7.361056446801996e-10
221,0.002325407419419998,0.0023265573465566657,0.0023265573465566657,0.0023251234181279946,0.0023262732048244146,0.0023262732048244146,0.36291033981902526,6.164100633909642e-05,5.28599628193036e-13,0.0008503873860242012,1.4419043704668755e-07,7.720229258026106e-10
222,0.0022012352863245454,0.002202323809638265,0.002202323809638265,0.002200964171883286,0.002202052561129379,0.002202052561129379,0.34458804880300453,5.089555605420098e-05,2.099902291928993e-12,0.0007564989065534261,1.134999850151453e-07,7.584798311269865e-10
223,0.0020831786901035093,0.002084208833761894,0.002084208833761894,0.002082919956909765,0.002083949972623121,0.002083949972623121,0.321913073146057,5.4421921237717634e-05,5.287109705670008e-13,0.0006745488442430711,1.1333788696310308e-07,6.770158376303383e-10
224,0.001970966435519799,0.0019719410895828833,0.0019719410895828833,0.001970719593734776,0.0019716941257332003,0.0019716941257332003,0.29597516358433273,5.411771001829263e-05,2.1082587818296614e-12,0.0005814971518670574,1.0722170950631014e-07,6.769613086916607e-10
225,0.0018643376870445382,0.00186525961258771,0.00186525961258771,0.001864102262307855,0.001865024071432161,0.001865024071432161,0.3342233377168473,5.691296357585939e-05,5.287927194926758e-13,0.000628547570072118,1.0583515165703835e-07,7.326896414931137e-10
226,0.0017630416617163169,0.0017639134958013687,0.0017639134958013687,0.0017628171948543146,0.001763688917939232,0.001763688917939232,0.2816244143984596,5.7680541513771036e-05,2.1172248428004814e-12,0.000504321861450194,1.008460662339064e-07,7.403685001726046e-10
227,0.0016668373264957033,0.0016676615869922252,0.0016676615869922252,0.001666623373224841,0.0016674475279202594,0.0016674475279202594,0.33149186206787673,6.226020081257495e-05,5.289892668569428e-13,0.0005589733001666832,1.0343019271889645e-07,7.195003541664484e-10
228,0.0015754931003083535,0.0015762721905677839,0.0015762721905677839,0.0015752892309344416,0.0015760682203793122,0.0015760682203793122,0.29692324554861027,5.6865937805404315e-05,2.126538854054807e-12,0.0004632452155493398,9.058575990584791e-08,6.963986390589356e-10
229,0.0014887865609516957,0.0014895227743364327,0.0014895227743364327,0.001488592360065591,0.0014893284774168904,0.0014893284774168904,0.3078430875186095,6.114845001997723e-05,5.286366896858381e-13,0.00046603324446902556,8.99870279218751e-08,8.068356113266518e-10
230,0.0014065041570224368,0.0014071996812925016,0.0014071996812925016,0.0014063192231929232,0.0014070146560121622,0.0014070146560121622,0.2800468797411605,5.90668136980654e-05,2.135561506145186e-12,0.0004007856659828789,8.405544755238331e-08,8.183395169324743e-10
231,0.0013284409250051107,0.0013290978465649052,0.0013290978465649052,0.0013282648704695406,0.0013289217049693705,0.0013289217049693705,0.2915495558325204,7.287969082677765e-05,5.289185065652483e-13,0.00038818641795121536,9.776904808388987e-08,7.228847112575553e-10
232,0.0012544002116455036,0.0012550205196532817,0.0012550205196532817,0.0012542326619988371,0.0012548528871523662,0.0012548528871523662,0.2945328968198331,7.55023226622293e-05,2.144299930702914e-12,0.00037495443786727254,9.51866598334098e-08,6.827729496724544e-10
233,0.0011841934017170798,0.0011847789920597979,0.0011847789920597979,0.0011840339955998683,0.0011846195071153584,0.0011846195071153584,0.2543638563754829,6.814258135127998e-05,5.290833456953674e-13,0.00029546909484279564,8.165965368914155e-08,7.874053664727163e-10
234,0.0011176396512734652,0.0011181923304097242,0.0011181923304097242,0.0011174880400593354,0.0011180406442229903,0.0011180406442229903,0.28327337137459613,6.902340938374028e-05,2.153481123687497e-12,0.00032125923912252057,7.652276895587018e-08,7.302383219491793e-10
235,0.0010545656264656566,0.0010550871151394877,0.0010550871151394877,0.0010544214739488117,0.0010549428913384068,0.0010549428913384068,0.2924482084678359,8.290056531860827e-05,5.290720538357053e-13,0.00031210154025325583,8.900956998947328e-08,7.789285132629012e-10
236,0.0009948052479888782,0.0009952971848171553,0.0009952971848171553,0.0009946682300720946,0.000995160099144236,0.000995160099144236,0.30417237682412146,7.49782180828077e-05,2.162915856494346e-12,0.0003108583187309869,7.533257272896934e-08,7.218966057308626e-10
237,0.0009381994412108969,0.0009386633861471884,0.0009386633861471884,0.0009380692455944798,0.0009385331261483017,0.0009385331261483017,0.32367834888597513,7.772671845674521e-05,5.291204667307197e-13,0.00030498499920317355,7.344794506828177e-08,7.193645636736543e-10
238,0.0008845958920211467,0.0008850333296988303,0.0008850333296988303,0.0008844722178932812,0.0008849095944134083,0.0008849095944134083,0.2865055586994027,8.505969735794153e-05,2.1718930818254458e-12,0.000253932860065988,7.447578512795728e-08,7.144801432556922e-10
239,0.0008338488084281686,0.0008342611513856571,0.0008342611513856571,0.0008337313661570728,0.0008341436510386932,0.0008341436510386932,0.2608732668466199,9.096584743888153e-05,5.294321206958215e-13,0.00021830080258152006,7.636396682215525e-08,7.238009417482048e-10
240,0.0007858186879216596,0.0007862072797125841,0.0007862072797125841,0.0007857071987499224,0.00078609573540882,0.00078609573540882,0.27587400840244325,9.135463470797869e-05,2.1811365147201553e-12,0.00021818663991842032,7.328962984174693e-08,7.478980529094745e-10
241,0.0007403720906048138,0.0007407382087960208,0.0007407382087960208,0.0007402662863462718,0.0007406323522166739,0.0007406323522166739,0.29568660485781556,8.215762325158318e-05,5.296461767686853e-13,0.00022931843049891224,6.185601863439681e-08,7.631719988949394e-10
242,0.0006973814180925961,0.0006977262771528085,0.0006977262771528085,0.0006972810408320833,0.000697625850255172,0.000697625850255172,0.2789632396347055,8.990846226820881e-05,2.1904555747953453e-12,0.00019980343962164995,6.379113421982962e-08,6.376693893429272e-10
243,0.000656724698162192,0.0006570494522441777,0.0006570494522441777,0.0006566294999584806,0.0006569542069644155,0.0006569542069644155,0.2831757816454618,8.895569238982483e-05,5.295287873193263e-13,0.00019045615407586172,6.038193043419663e-08,7.939152893358096e-10
244,0.0006182853751329827,0.0006185911207520654,0.0006185911207520654,0.0006181951177251885,0.0006185008187114719,0.0006185008187114719,0.2764462890359295,9.526628115436737e-05,2.20005972721057e-12,0.00017198665632511923,5.997065641983914e-08,7.195356356523062e-10
245,0.0005819521059450922,0.000582239884556822,0.000582239884556822,0.0005818665604628169,0.0005821542967718213,0.0005821542967718213,0.27678987433298513,9.411703436062563e-05,5.296577574685931e-13,0.00016726904503957106,5.530693810770402e-08,8.149226132116465e-10
246,0.0005476185618977954,0.0005478893623775779,0.0005478893623775779,0.0005475375085752491,0.0005478082689737049,0.0005478082689737049,0.28346396561398807,0.00010739031749511523,2.2089884500717246e-12,0.00016035411429930462,6.029082518610028e-08,7.124747071294664e-10
247,0.0005151832360018253,0.0005154379970292853,0.0005154379970292853,0.0005151064638961451,0.0005153611869593641,0.0005153611869593641,0.2706649602224116,9.954845946650671e-05,5.297218186064253e-13,0.00014518414071751137,5.197573845411882e-08,7.46497580125509e-10
248,0.00048454925589289316,0.00048478886824372246,0.00048478886824372246,0.00048447656260686687,0.0004847161390104546,0.0004847161390104546,0.2352531574129587,9.058034082020449e-05,2.218191019077501e-12,0.00012141565652785881,4.438857360205785e-08,7.655947747926318e-10
249,0.00045562420224750316,0.0004558495109955149,0.0004558495109955149,0.0004555553936568771,0.0004557806683786512,0.0004557806683786512,0.24098059627658058,0.00010436083612142861,5.300948234361313e-13,0.00011615763328422819,4.757046978697276e-08,7.580621462675152e-10
250,0.00042831993263639273,0.00042853173926846974,0.00042853173926846974,0.00042825482262192656,0.00042846659705673274,0.00042846659705673274,0.2466415106556403,0.000122887927768896,2.2279690228038263e-12,0.00011424412763765609,5.3217679575824804e-08,7.161621124380667e-10
